x1,x2,y0,y1,y2,y3
24.961680565994442,34.95952412714347,0,0,1,1
19.025294253226768,39.07508009363156,0,0,1,0
13.925597162803408,35.054280470148704,0,0,1,0
19.993995737746562,32.06899161648772,1,1,1,1
19.019824340870546,28.01043247909367,1,1,1,1
16.95087723706662,24.948318216724054,1,0,0,0
21.93421682223628,30.90263474171551,1,0,1,1
21.015661826368735,23.940029908708798,1,0,0,0
23.040662883935983,40.997612269075574,1,1,1,0
15.962983531708064,39.99789569741818,0,0,1,0
27.92462594001106,33.01576710088933,1,0,0,0
21.03904657890546,33.93645235812972,1,0,1,1
18.04045587441928,27.992019366623968,1,1,0,0
21.983530423129366,21.002131126153934,1,0,0,0
12.905481387614563,35.025383088444435,0,0,1,0
21.054316295843652,37.96915102481226,1,1,0,1
25.967808799301373,42.0317355321045,1,0,1,1
19.014801653852132,31.09252316169219,1,0,1,0
26.983932873498137,35.98994051182526,1,0,1,1
19.997827468274554,22.00832244219741,1,1,1,1
18.043429096886694,20.982099534705448,1,1,1,1
22.909062111543804,24.924947028318925,1,0,1,1
23.99747629636093,40.9554235272664,1,0,0,0
26.090049530034438,15.022407107231336,0,0,0,1
11.019084526723981,28.997331257778576,1,0,1,0
15.016812412317618,24.88109730186246,1,0,1,1
20.95467844703614,26.022995013315388,1,0,0,1
23.032250834465753,26.10272725473104,1,0,1,1
19.032255634383056,38.961725234947885,0,0,1,1
10.99975858138617,34.04340332494256,0,0,1,0
30.05983139344935,32.95459687838354,1,1,1,1
19.06179992413817,32.015570467372534,1,0,1,1
20.12133338793657,18.959149567462894,1,0,0,0
26.08232465377419,33.029274311612305,1,0,0,1
17.022764921920828,23.014042717436276,1,0,1,0
20.034347683388543,35.08614149416845,0,1,1,1
27.050539069200287,24.01935808895582,0,0,0,1
22.058093318043177,36.04102996474988,0,1,0,0
18.005121140535945,29.07309204296968,1,0,1,0
26.01840732775992,32.09874455426787,1,0,0,0
13.03855181083799,24.979344502360163,1,0,0,1
20.01492156180875,29.018967217459032,0,0,1,0
21.09460844151998,23.023324640837476,1,0,0,1
27.043782776592664,24.88986536794323,1,0,1,1
12.991071401605307,28.029847294865444,0,0,1,0
32.05736888408999,25.933227157482005,0,0,0,1
17.006062027233853,36.89908779571002,0,0,1,0
26.97690324053665,24.933580239726844,1,0,0,1
17.071416915313197,23.993242319648378,1,0,1,1
31.01940684616541,23.01623408266144,1,0,0,1
15.945467001281536,25.96287652197882,1,0,1,1
19.895887937818507,31.00352947877087,0,1,1,0
15.986300411755149,19.926134612284134,1,0,0,1
18.94062367120064,24.009016767033195,1,0,1,0
23.055471209459604,19.95585672427262,1,1,0,1
20.959086498054077,40.914187566125776,0,0,1,0
18.026400933984725,32.01569825762496,0,0,1,1
20.987102395337946,37.98502570546042,0,0,1,1
15.99971162269086,43.93350544887797,1,0,1,0
14.99912830515255,27.998011888428593,1,1,1,1
22.009357099338512,34.93424726954812,1,1,1,1
25.998267182429352,29.92866532893511,1,0,1,1
23.074785336059,41.05283049245208,1,0,0,0
20.99856608561626,36.99736939534723,1,1,0,1
20.01523347495609,15.02399011600258,1,0,0,1
29.037903999347005,28.96747897736634,0,1,0,0
13.911252847771063,37.06980457846224,1,0,1,0
25.979591341200553,19.019740563557306,1,0,0,1
22.01261729156707,28.97608336192503,0,0,1,1
27.018943845601008,29.01221208716153,0,0,0,1
22.924644160718277,37.89983154352999,1,0,1,0
21.044859720901652,36.98826003029428,1,0,0,0
18.01377363054839,35.06604550013349,1,1,1,0
18.0311645533126,32.017396723859136,1,1,1,1
16.997282596743297,20.055519548617873,1,0,1,1
15.012021067706405,25.974989257062187,1,1,1,1
18.990058419851056,27.936407240774955,1,0,1,0
13.025263375796639,34.92852508808183,0,0,1,0
14.893645122819207,25.06861937170718,1,0,0,0
14.008861507263406,38.122390137679645,0,0,1,0
31.01914228544326,30.12851609904723,1,0,1,1
14.955027988021545,23.983370166961425,1,0,0,0
26.977934275305216,25.03773218085863,1,1,1,1
13.99530006128856,47.889235994219824,0,0,1,0
11.981170263848826,32.12463694333193,0,0,1,0
19.96573785964105,23.97201498644251,1,0,0,1
25.026159972363487,36.04516885492404,1,0,1,1
26.004608855376343,29.992441580965473,0,1,0,1
24.944670875310607,30.034527865913713,1,0,1,1
14.004446777044464,24.926773381584322,1,1,1,1
11.966942163569318,31.90770605626866,1,0,1,0
22.019955160264914,31.972919984928303,1,1,0,1
21.008555694926564,32.02128572972924,1,1,0,0
20.05169047206995,19.91479501871763,0,0,1,1
13.964045726055577,33.03050652518986,0,0,1,0
17.028247032677342,27.008546918556416,1,0,0,0
19.99681228675047,32.98946405104616,0,0,1,0
16.06925298135243,34.01772394774977,1,0,1,1
15.001451978575265,37.98750638704572,1,0,1,0
24.011106612127474,36.99865220817824,0,0,1,1
16.05395618896621,30.000399465445398,1,0,0,0
18.976073575262113,29.892381708857286,1,1,1,1
11.957926992345268,39.98625729479848,1,0,1,0
20.090563384077956,27.982414041923917,0,0,0,1
16.050160293480886,16.041096860055433,1,1,1,0
12.948817611915006,31.010160346669696,0,0,1,0
17.982123494572274,30.931612305060145,1,0,1,1
20.015408754436255,34.97771602219734,1,0,1,1
14.917709941395549,40.01914475475809,1,0,1,1
33.003643411891424,36.00172037479928,1,0,1,1
14.0361137073589,39.980978361950896,0,0,1,0
11.97302362651148,45.98383587007418,0,0,1,0
18.016982088335666,30.00930264218261,1,1,1,1
23.995056844201887,39.020168812126336,1,1,1,1
21.940806606868,25.974109999865103,1,1,1,1
14.036285399165935,34.039247714434396,1,1,1,1
24.06853722537375,36.002119061434804,1,0,1,0
15.000825258810016,29.07084722078953,0,0,1,0
19.98654870843867,35.0718629540218,0,0,1,0
19.95638074458531,34.01192880550252,1,0,0,0
14.008562041230029,31.928868567562514,0,0,1,0
18.99264632502457,28.004030388781025,0,1,0,1
22.07343818723273,29.00149168935633,0,1,1,1
25.015748364357588,20.056571218525136,1,0,1,1
18.997520484605904,30.067366162080678,1,1,1,0
26.03392014376483,32.032015118383285,1,0,0,1
21.00155674264725,34.95757375123237,1,0,1,1
18.934616655080752,28.03984718450141,0,1,0,0
23.991985352858848,35.07079571372886,1,0,0,0
20.953469822265525,30.986624373904238,1,1,1,1
15.033073919732274,37.95621856337516,1,0,1,1
26.98814880634801,20.03575029054968,1,0,1,0
25.087977363472465,28.95482587313881,1,1,1,1
19.94689768705767,33.93866156327242,1,0,0,0
10.916662103350488,23.044999983221487,1,0,1,1
19.08971158896643,39.925055236019496,0,0,1,0
22.02230689136199,23.057541987457604,1,0,0,1
16.91988626363245,28.998298699865845,1,0,1,0
17.03616315299119,36.96157271051043,1,0,1,1
24.962866057264943,34.940765767816885,1,0,0,0
17.03978605404403,25.044618668725573,1,0,1,0
23.99173660149888,23.971690536257,1,0,0,0
19.0392530459125,28.95189614349642,1,0,1,1
14.003564730674873,37.94141208240583,0,0,1,1
22.02143738937268,30.053873927135985,1,1,1,1
10.956715090955912,33.064066692823225,0,0,1,0
8.973248527284582,38.04636132428444,0,0,1,0
11.001578706114069,31.02363415461193,1,0,1,1
22.016413698104053,38.96862113793945,1,0,0,0
21.020868540151593,30.083211662574882,1,0,1,0
15.054523599556928,31.953183936247736,0,0,1,0
13.998678502262965,22.05362666823551,0,0,1,1
18.13552733844232,35.939781652573295,0,0,1,0
22.03845737509834,28.02224710312723,1,0,1,1
14.030978260306277,33.01986641541314,1,0,1,1
20.00374906089949,30.07127706861855,0,0,1,0
17.945624894011928,39.95941999744039,1,0,1,1
10.07115475747558,35.9803473531207,0,0,1,0
15.9949611042027,25.069349636495442,1,1,0,1
14.920625358813435,22.96211941377289,1,0,1,1
9.026871488506954,32.96430024513827,1,0,1,0
22.99612805661839,33.90890208852159,0,0,1,1
10.037342340531715,26.995587727485344,1,0,0,1
20.011068762698812,30.019758657140773,1,0,1,1
21.964207127810937,30.005007145623004,1,0,1,0
21.00833675848167,32.96015211733594,0,1,1,1
18.02871771416396,33.9923224838915,0,0,1,1
24.05045559531275,30.053650464298084,1,0,0,0
18.00850121571273,23.988187518368814,1,0,1,1
20.105781491503127,27.069675975480504,1,1,1,1
13.007274652351766,29.9958088739249,1,1,1,0
15.961162442319685,41.054676729410815,0,0,1,0
18.109942392674117,22.99912010353722,1,0,0,0
17.978026824332655,33.93280505441543,0,0,1,0
14.959696626352422,28.042443296131772,1,0,1,0
18.96323683691198,35.95150909683691,0,0,1,1
19.05475770406563,29.96346437623994,1,0,0,0
19.97952672237438,33.944538143319846,0,0,1,1
27.97088232002692,11.986020442324124,0,1,0,1
14.075435981166128,33.048377520799555,1,1,1,0
27.050319523880987,27.11437250003266,1,1,1,0
15.052891738406446,31.013616670056415,1,0,1,1
24.035513743823557,33.06523658499108,1,0,0,0
15.964610106841564,32.03269931161176,1,1,1,1
27.950945642094187,21.979319737862777,1,0,1,1
14.002315498239707,16.953696097982476,1,0,1,0
15.921981626302845,28.996708560566304,1,1,1,1
15.9799685540115,29.947832490819135,1,0,1,1
16.99720315029698,24.088454166288507,0,1,1,0
21.024358090891283,32.93792988109735,1,0,1,0
22.02401539086121,18.955128963961428,1,0,0,0
27.079263060709266,23.961969352349477,1,0,0,1
12.030444525828852,31.954795541692548,1,0,1,1
18.16206295384884,29.052726684827103,0,0,0,1
18.017578539148122,17.979037967166338,1,1,0,0
22.131324245451847,33.0675085025631,1,0,0,0
14.924311918668002,35.99338271633213,1,0,0,1
15.08114867243147,22.027125772176777,0,0,1,0
22.920737268869612,30.001537627426746,0,0,1,1
22.97342715488466,23.094769181273833,1,1,0,1
18.98692893964135,26.967025115191337,1,1,1,0
23.994639441552387,24.994864302666254,1,1,1,1
28.032115857325024,32.033126306489066,1,0,0,0
17.936064501611156,34.020087445965984,1,0,0,0
27.013666062826843,30.11194158332072,1,1,1,1
17.020770941514673,29.00349792947057,1,0,0,0
18.926516727896484,25.94997371579213,1,0,0,0
23.98354731639759,39.987208843287874,1,0,1,0
21.00550902888907,25.94775955528467,0,1,1,0
21.00126314155492,25.027133817328018,0,1,1,1
25.950651012210198,29.972683782074366,1,0,1,1
19.967543843918087,41.96455204894771,1,0,1,1
21.018530405441215,16.97391898313209,0,0,0,1
19.973337390865865,26.01223881418993,1,0,1,1
22.932170007453045,31.922875769609924,1,0,0,0
24.028237112924522,31.939389498812663,1,1,1,0
21.04404617315996,29.999050870015957,0,0,0,1
16.061942494233673,27.00195225427823,1,0,1,0
23.97223870279149,25.019307345049608,1,0,1,1
29.057898452628276,32.99079435339414,1,0,0,1
26.961567859751927,33.98765570720864,1,0,1,1
27.036319825659948,27.99539787306895,1,1,1,1
24.00506535275766,32.94611318209763,1,0,0,0
28.01288478606383,26.974168761901264,1,0,1,1
33.965653118916705,37.003983636963376,1,0,1,1
9.997226199187184,25.915118884524095,1,1,1,1
17.04450135788716,25.98100490879457,0,0,1,1
23.980583304843368,35.99981554871758,1,0,1,1
23.9695816252048,20.905103224074924,0,0,1,1
29.95810883706112,23.03515127295227,0,0,0,1
27.999613685944716,28.018316848446702,1,1,1,1
23.973657340200642,28.987724925513223,0,0,0,1
13.931949153604627,24.098676071840682,1,0,0,1
22.94081204514699,28.082136715096883,1,0,1,1
15.996741919092965,37.083514021039385,0,0,1,1
16.999344428450165,33.98416885974691,0,0,1,1
18.935842609869816,31.924978979888973,1,0,1,0
25.98562644339721,30.066236848281363,1,1,0,1
18.044334503770305,31.950717191551664,1,0,1,0
18.99698428734431,34.14981195476991,1,1,1,1
23.00170888578623,42.015030740338226,1,0,1,0
12.126749637304991,37.009487828058134,0,0,1,0
21.918550121746986,31.07985139299255,1,0,0,0
26.011472823722233,32.023476818350794,0,1,0,0
22.084688312038125,36.94747900283257,1,1,1,1
18.059799208919088,33.01614546152024,1,0,0,0
23.024530345122795,35.04254304519296,1,0,0,1
23.05633824041305,33.96437975633239,1,1,1,0
16.021688456110724,32.02272659359344,1,0,0,0
16.953213340040783,18.940590065543983,1,0,1,0
18.04060481063423,13.950624111007565,0,1,0,0
19.029436781144057,32.99507912956711,1,0,1,1
11.946138606276262,39.01144849678322,1,1,1,1
25.05995852343386,24.060277028224014,1,0,0,1
19.983371840926083,31.01697963116276,1,0,0,0
18.000276556931464,33.95878503958912,0,0,1,1
15.000369248706516,34.00843737976141,0,0,1,0
24.920351227435994,22.0022094959778,1,0,1,1
14.989628588165159,24.972771463405255,0,0,1,1
19.91702015808368,23.947228310952216,1,0,1,1
21.990896053532573,25.856518998757252,1,0,0,0
16.025849523608056,25.97724413329807,1,0,1,0
22.989307219950305,24.951137688443406,1,0,1,0
20.0322074168576,29.963296326592822,1,0,1,1
19.950253277809182,31.01134365090064,1,1,1,1
18.963212400487485,31.03506754191724,1,1,1,1
20.030732202404092,33.06275792083524,1,0,1,1
24.955870953332496,37.01679228364429,0,1,0,0
11.991149320696179,33.00305074277071,1,0,1,1
10.976499564049233,49.93029420781233,0,0,1,0
26.000528760276453,27.039767770689654,1,1,0,1
15.990018408766119,32.9426048562405,0,0,1,1
11.017565483799396,25.054959199689264,1,0,1,0
22.043624925107153,25.055417378894003,1,1,0,0
21.948638470165616,29.962465103174793,1,0,1,0
8.898069474671379,39.05608920754923,0,0,1,0
12.039642355925883,36.975507389570545,0,0,1,0
26.0220679346265,17.982561365939937,0,0,0,1
30.00575904415764,26.984782969754104,0,1,0,0
14.993138664908187,28.036807213113054,0,0,1,0
22.085715733999216,35.049366154701346,0,0,1,1
15.002446241234008,23.986234539381897,1,0,1,0
14.954653150745205,28.000215382117158,1,1,1,1
17.0033590554827,34.98066581787558,0,0,1,0
27.966442560243465,26.97611988533334,1,1,1,1
17.965340652692877,26.991311880531892,0,1,0,1
15.017985574945206,43.02311928294252,1,0,1,0
14.037855918433722,27.043435133761584,0,0,1,0
22.057437117491137,33.963399603354716,1,1,1,0
15.068370076386921,24.002582585722365,1,0,1,1
19.038856422963775,36.030055197201,1,0,1,1
17.92458133063341,32.987931527264934,1,0,0,0
14.139984861091865,29.981666060317472,1,0,1,0
14.00128850968475,29.009146437676947,1,0,1,0
23.977873676723057,34.05624664178523,1,0,0,0
16.16355130611073,36.94037590366088,0,0,1,0
29.914476597521336,31.97282748363483,1,0,1,1
16.012727706275637,19.97559456123307,1,1,1,1
14.022760136231858,25.010848091180726,0,0,1,0
23.02796850336537,38.92663790032566,1,0,1,0
18.01631494717158,24.00189399972448,1,0,0,1
14.982580782446885,43.06136455733211,0,0,1,1
16.958411941286858,27.00795481210945,1,0,1,1
26.91442303124084,36.09502701277171,0,1,0,0
17.98727494732967,26.882272469285404,1,0,1,0
27.954741247162822,34.965068379266874,1,1,1,1
16.89067967799914,31.04843702659618,0,0,1,0
18.93382872866184,33.000247834850455,1,0,0,1
20.089247406144008,34.96955745459273,0,0,1,0
21.99476066731761,35.99608134859371,1,0,0,0
16.05706329847552,30.955964103964426,1,0,1,1
25.016154162896896,18.984193756401577,1,0,1,1
17.922264496346006,23.97050593342231,1,0,1,0
11.998141960753307,35.94898683539408,1,0,1,0
10.027905850597483,33.99194382412718,1,0,1,1
23.951950182903783,33.07038794026271,1,0,0,0
20.994835579248072,27.044789025551864,0,0,0,1
26.005838004393627,22.008531354180953,1,0,0,0
13.993948579211,27.018050055181572,1,0,1,0
15.971784338111938,39.03915682676362,1,1,1,0
29.012313904574693,18.024686135723012,0,0,0,1
22.052621150639958,42.02280060910546,0,0,1,1
14.842816684898763,33.947804411270525,1,0,1,0
24.024119311866624,22.908174489881247,1,1,1,0
24.975599004921904,19.077222473905934,1,0,0,0
17.965719650382088,21.07735447430658,1,1,1,1
23.91458000535233,33.031590234960596,1,1,1,1
16.9906300389548,28.95037335962514,1,0,1,1
16.03638930751551,24.99735206681685,1,1,1,1
22.99142750842561,28.93546267315422,1,0,0,1
20.99193852844096,27.094468977300867,1,1,1,0
30.016874656940942,43.94974468055773,0,0,1,1
16.92942313727119,34.083721584119765,1,0,1,0
28.011764485458492,24.94373882448101,1,0,0,1
15.0132658840039,29.962843979622278,1,1,1,1
27.921814744072844,29.010970133487696,1,1,1,1
25.96494795880061,31.08007856889477,1,1,0,0
21.00673097181613,24.98444003778842,1,0,0,0
24.99125350589981,24.90106671665553,1,1,1,1
18.977907210885355,21.921307053473207,0,1,1,0
25.98682049249209,23.06681897289384,1,0,0,1
17.052117765851484,40.993223609110316,1,0,0,0
26.988190984888366,22.00943554817056,1,0,0,0
18.029562647102413,33.008601556839025,1,0,0,0
19.014441917582968,30.983343761705818,1,1,1,1
16.015187125122566,26.08437850604032,0,1,1,0
27.971040250773754,25.93283577739449,0,0,0,1
17.96221766417874,38.00280716701221,1,0,1,0
13.020496779249028,30.016831185331366,1,0,1,0
11.95079757384904,43.96807119048115,0,0,1,0
26.034983663767644,29.9523214592653,1,0,0,0
19.004716007819056,20.099721424734053,1,0,0,1
21.019102878723125,25.03994564637955,1,0,0,0
25.965532737389132,28.020939891410027,0,1,1,1
25.02666260106069,16.932726445103356,1,0,1,1
17.08449113102205,24.06710911473866,0,0,1,1
19.038309198342514,23.98802506822066,1,0,1,1
19.00874096635104,34.882125627050634,1,1,1,0
10.061852527092123,34.99747062992833,0,0,1,0
21.903199943545793,27.99712151187973,0,0,0,1
26.94794384320256,21.977784527390217,1,0,0,0
14.894044802989134,34.04454549074647,1,0,1,1
14.052445185758579,28.160408045695824,1,0,0,0
18.92806124363799,27.020974863615486,1,0,1,1
30.030617246004923,31.047925562689006,1,0,0,1
13.021381810943987,47.98398796288493,0,0,1,0
20.99109482665902,31.92932457008759,1,0,1,0
18.98044012483397,26.973064405172547,1,0,1,1
14.914668134683286,55.97707958627234,0,0,1,0
20.101129470233246,25.959285622346336,1,0,0,0
22.977681742248578,23.968990077272306,1,0,1,0
28.050583020685334,27.98771396131689,1,0,0,0
12.929149554344852,28.117791059079906,0,1,1,0
21.879069285865214,27.063823544139048,1,0,0,1
20.008532597087502,29.930474378318472,1,0,1,1
17.999398504005054,21.984253167962144,1,0,0,0
30.98359651882872,23.99585514882592,1,0,0,1
23.03082538712339,30.99992139977654,1,1,1,1
15.011423034086617,27.03161880962829,1,1,1,0
21.914212085781084,27.94537228648083,1,0,1,1
16.913280711877555,31.00684366603447,1,0,0,0
12.06002101999551,40.02017940351406,0,0,1,1
17.967720169877115,27.036631978323275,1,0,1,0
14.031374694833593,38.92007507339934,1,0,1,1
15.954272247660304,33.01503572709089,1,0,0,0
17.989020300537064,40.992134108357575,0,0,1,1
13.013171263082608,31.004069391821254,1,1,0,0
14.021813972661644,27.989016916403074,1,1,1,0
15.97564420948012,34.08259959187217,1,1,1,1
15.91905673533599,30.95857229232832,0,0,1,0
26.034181436473986,25.954434425563317,0,0,0,1
22.07510575739973,43.947257883284074,0,0,1,1
23.96833728988632,24.028077057730982,1,1,1,1
21.96003317678375,24.01713235995974,1,0,0,0
11.991353344358004,32.00820736800382,1,0,1,0
11.983592858392667,28.974593950379216,1,0,1,0
23.974350262540163,28.995257769653573,0,0,1,1
22.05998648901721,26.023486366986752,1,1,1,1
21.013459289441382,23.94694039053323,1,1,1,0
17.957498791614384,23.93470088136062,1,0,0,0
21.999604450493763,35.97687085929717,1,0,1,0
14.991557870739852,29.920902374128104,1,0,0,0
15.909370581671569,35.013417949400925,0,0,1,0
22.011732309385238,32.92046751508653,1,1,0,0
27.986779064363766,36.96215450636175,1,0,1,1
19.950333643663765,31.019601519902878,0,0,1,1
20.042392581315006,31.965723419357346,1,0,0,0
12.950315754007867,28.913303879838516,0,0,1,0
16.95276860334042,29.04959471698503,1,0,0,0
16.03957494660424,34.93715081623153,1,0,1,0
13.985832841314625,40.03055009799127,0,0,1,0
22.052747804735965,18.0070270497459,0,0,0,1
14.995484049487244,24.96762948971492,1,0,0,1
21.98699617302725,19.030439488576462,1,1,1,1
11.988266159203887,26.060587445359808,1,1,1,1
23.01880347981604,31.958057194524375,1,1,0,0
13.91908863652408,34.122315892945515,1,1,1,1
29.023740816143153,31.96539925253839,1,0,0,0
20.993783358957554,33.0097966032222,0,1,1,1
20.944700752533038,31.99790410089126,1,0,0,0
21.977606679411178,25.097734625770563,1,0,0,1
21.032945529224044,30.11005515693773,1,0,1,0
14.067549546938924,34.035653464092576,1,0,1,0
13.958099040978716,35.05831441532663,1,0,1,0
15.025462399220654,30.987362115473278,1,0,1,0
18.045118370856766,28.031530618124165,1,0,1,1
19.996441650557344,34.90571191947144,1,1,1,1
15.047147787805484,30.940024558622113,1,0,0,1
20.9587946750368,25.996261871829336,1,0,0,0
22.020960030414532,23.007411154809173,1,0,1,0
20.064797634414212,28.0080471068308,1,0,1,0
16.94380141187853,31.02199619833438,1,0,1,0
18.947186729585468,31.037762588798806,1,1,1,1
16.018163153962377,38.996379383058475,0,0,1,0
9.027938551736888,35.027925759080375,1,0,1,0
21.02368359454084,38.98067635636416,1,0,1,0
19.921809265433904,28.031059877972645,0,0,1,0
21.981013202607517,25.956244517890266,1,0,0,1
30.96766205417602,25.02614398334588,1,0,0,1
22.97301058484935,25.03935422210491,1,0,1,1
17.016159879842935,32.02418506968043,1,0,1,0
13.016657126603755,31.892087516862603,1,0,1,0
19.955312183085276,42.8872412220763,1,0,0,0
20.003549735771248,29.977689736782636,0,1,0,0
22.015879744541582,32.99069144686679,1,0,1,0
15.960863304420135,37.05982492390932,1,0,1,0
23.021872421743076,31.05878427016155,0,0,1,1
18.938784829497887,31.976917889853954,1,0,1,1
25.95076737075038,21.994751165765766,0,0,0,1
17.973548075121617,22.9888355138973,1,0,1,1
16.961732224243985,31.94075173958579,1,0,1,1
18.00248703327223,29.9553633895381,1,0,1,1
18.016370554759877,29.98721801474761,1,1,1,1
21.009119460736194,22.06404721043902,1,0,1,0
16.0551233257184,29.946992305120087,0,0,1,0
29.042425805269424,38.077294823988936,1,1,0,0
23.046066509893883,30.965392296415356,1,0,1,0
11.070630395031811,35.04684832709572,1,0,1,0
22.012003575632104,19.985364791778924,1,1,1,1
16.963650281379632,52.119193051899096,0,0,1,0
18.92294635017493,31.96900231680536,1,0,1,1
26.03353071552532,20.973363216348236,1,0,0,0
21.075556828317957,31.981527233108814,1,0,1,1
13.947639561996148,25.030542051556836,1,0,1,1
23.016089568452426,28.829564396176416,1,0,0,0
19.01986170264895,31.09750694920875,1,1,1,1
27.97948296342742,28.084615757805892,1,0,1,1
11.986084122014416,38.923127852543665,1,0,0,0
20.014104394541743,29.012350335374208,1,0,0,0
15.07597623396546,30.969322872035544,1,1,1,1
17.069063950777945,32.08382973991228,1,0,1,1
8.988357464194221,32.09577173457864,1,0,1,0
18.007436408796014,27.06440330351311,1,0,0,0
26.99943545765196,35.023986625776125,1,0,1,1
18.917429908378853,17.94379297409178,0,1,0,0
31.028420476228742,23.911439758080405,1,1,1,1
22.02121240687276,28.00096637118337,1,0,0,0
20.038981051036796,31.998932679046472,1,0,1,1
19.996690368365563,33.97961346141978,1,1,1,1
18.96879394724685,25.894137834393973,1,0,0,0
21.97245915413331,30.082944858380564,0,0,1,0
15.056602568360534,32.98189044329725,1,1,1,1
20.06260217818493,32.99736393119979,1,0,0,0
20.9438411008956,31.01597770033617,1,0,1,1
13.962949071011055,28.96094044869265,1,1,1,1
15.08123925199499,25.12446270845117,1,0,1,1
15.016946926123103,31.12137360221688,1,0,1,0
24.049414220155132,23.059577540632507,1,0,0,0
29.014256192067112,31.980968757646682,1,1,0,1
19.98607021135969,27.057229666941367,1,0,1,1
20.01337701430633,22.98475660685033,1,0,0,1
21.971759832444878,19.014808479231437,0,1,0,1
13.987793861412369,30.99899527258121,0,0,1,0
18.026118010691725,27.988393715475233,1,0,1,1
13.932788180149164,37.020306862735275,1,1,0,1
23.07148937262352,19.98462361176415,0,1,1,0
19.02903113097235,32.9310949329233,0,0,1,1
28.929241661325875,41.05612799350747,1,0,1,0
16.01880367658479,29.9095881222498,1,0,1,0
20.028358535350986,17.90337054895297,1,0,0,1
10.006628485494783,28.018549411246976,0,0,1,0
24.056106400991744,28.982823214058715,1,0,1,1
15.000512334200845,29.000013505204407,1,0,1,0
18.03943055596326,29.041111465778016,1,0,0,0
24.92025623679922,37.94760798905651,0,0,1,0
11.989422669845974,36.02048756098117,0,0,1,0
20.050816160127034,23.11158930727462,1,1,1,1
18.98234518342911,27.040058918614086,1,1,1,1
21.88301259421463,31.947182676824827,1,0,0,0
17.991981168202738,33.92950232549928,1,0,1,1
29.011302979455103,28.079636422800977,0,1,0,0
29.995147043706293,29.071316348845002,1,0,0,0
17.97021483622933,31.096368487761513,1,0,0,0
25.99487070268957,28.08210808459652,0,0,0,1
13.067055780584065,23.939355468272908,1,0,1,0
18.080814087678185,28.00883938188816,1,0,1,1
11.997060867420961,31.96174519365513,1,0,1,0
11.970823831060448,37.08182126061708,1,0,1,0
20.993105890552886,37.003746353928314,1,0,1,1
27.00368282974961,26.96269026232215,1,0,0,0
31.967519718369918,36.00629180276104,0,1,0,0
13.976155798848335,30.077436277923145,0,0,1,0
19.974327400647546,30.93873346592087,0,0,1,1
20.02399195184511,31.06865874589443,1,1,1,0
25.967860821517963,31.027356115271967,0,1,1,1
20.05781706484495,30.038267126806815,1,0,1,1
14.992898019588353,22.98608731157714,1,1,1,0
18.03009478243032,26.96606059130789,1,0,1,1
23.071554958279464,28.014090427434176,1,0,0,0
19.949805593199432,19.03637668468129,1,0,0,1
11.917423700238032,36.02123422266029,1,0,1,1
16.065395781188993,39.90149924840142,1,1,1,1
17.041435570306447,29.08529701393544,1,0,0,0
17.999283299774405,23.048699816887975,0,0,1,1
23.93086309148507,39.99560362952901,1,0,0,0
23.912960178432687,24.966702380212034,1,1,1,1
22.07195375417431,23.036635547138467,1,1,1,1
23.947466805038342,19.912574098525823,1,1,1,1
15.964293445389998,28.96599654229858,0,0,1,0
24.953302977367688,33.97447795755463,1,0,1,0
20.008958588730042,32.142873653773236,1,1,1,1
20.910913375044945,32.05672662243486,1,0,1,0
13.94622901216906,47.95384174379859,0,0,1,0
25.00231016379075,32.03482059454114,1,0,1,1
19.997227331259605,26.997995254394777,1,0,0,0
17.028866637089234,18.95725076095458,1,0,1,1
18.937197260356598,35.99150627582101,1,1,1,1
23.015450117804285,25.101616851235516,1,1,1,1
25.96909727966074,34.948263950465766,1,0,0,1
20.975755000361058,28.06144075013583,1,0,1,1
21.96869597682138,38.98806581384682,1,0,0,0
25.923195752047764,35.94304219622329,0,0,1,0
19.000107454021386,22.934799187138605,0,0,1,0
19.98297469524841,40.03269739104615,1,0,1,1
17.947969957257925,46.92516697616386,1,0,1,0
18.928913632648126,26.965216044024167,0,0,1,1
22.939364060047872,25.02137405210604,1,0,0,0
27.035931081269553,24.99209893856266,0,0,0,1
24.07637660323786,20.05729951541563,1,0,0,1
18.003299165095914,21.976779409038443,1,0,1,1
19.952646858645302,32.94889563770116,1,1,1,0
27.04623495983849,34.02230705021238,1,0,0,0
22.042711993028842,35.011550498862775,1,0,1,1
19.953170109119487,31.00059647665983,1,0,1,0
23.963122156796604,32.0012274916202,1,0,0,0
20.964792003121275,37.07157385569637,0,1,1,0
22.026327862524678,38.027939892607115,0,0,1,1
21.923707150863365,34.019143556768576,0,0,1,0
16.097238111882525,30.01562699569913,1,1,1,1
12.913546442662888,24.997432857082753,1,0,0,1
25.99140706005065,20.05896689048596,1,0,0,0
9.955177742193786,26.941110511614955,1,0,1,0
10.085476730781313,32.07391645502201,1,0,1,0
19.042443326801752,27.96506182905926,0,0,1,1
24.046377288865678,45.03752117772018,1,0,1,0
17.014590638371317,49.05595435424255,0,0,1,1
19.03912590903362,33.07767823342471,1,0,1,0
18.03370116011581,28.095908219731438,1,1,1,1
17.136564435457977,39.02954410367458,0,0,1,1
17.03918798836989,30.017620968950503,1,1,1,1
22.96109380790697,30.09252061611875,1,0,1,0
21.95273717240633,28.067584068643004,1,0,1,1
22.982016916066634,35.016515365608875,0,0,1,1
21.96654774379131,29.996007681794712,0,0,0,1
26.02823550016066,35.00105993217562,0,0,1,1
14.994216357876027,38.00948202495112,1,1,1,1
22.01076718966444,31.025040656677305,1,0,0,0
24.98861611854071,31.998127345750834,1,0,0,1
21.047940332800547,23.061598970163253,1,1,1,0
17.996806470743774,35.10110544754267,1,1,1,0
14.920789183056407,30.94193448976387,1,0,1,0
19.918861633486674,15.982069632323068,0,0,0,1
18.977626818089675,33.97869572148845,1,1,0,0
27.947491394015966,27.013388709874626,0,0,1,1
14.95162549613124,32.10717234123885,1,0,1,1
18.05222459470253,26.01812964998483,1,0,1,0
22.033129907521264,29.915676164690492,1,1,0,0
17.990249781117278,37.970353706483984,1,0,1,1
26.95192173044391,21.992503219976623,1,0,0,0
26.974477106648575,35.074086779727104,1,0,1,0
18.98445466639637,28.981138216295186,1,0,0,0
19.04331987001788,28.012516164659523,0,1,1,0
17.011813538529452,23.05778755187492,1,0,0,1
16.02679964024626,20.95439607449051,1,0,1,0
24.930116805952743,33.95187636981595,1,0,0,1
18.02936288308724,30.02974762290884,1,0,0,0
16.959545036640254,30.900541621435135,1,0,1,1
18.018987609424936,31.037011153180284,1,0,1,0
16.99606321038803,30.032039256712633,1,0,1,1
19.046362525367293,33.08853988608638,1,0,0,0
20.00740894389357,39.02808309039013,1,0,1,0
14.02011826742099,27.000618056595265,0,0,1,1
21.984044712972352,29.962562518800954,1,0,0,1
18.035867422880433,27.94048282559158,1,1,1,1
25.987460873291113,26.049623830679153,1,0,1,1
23.996859663842802,24.00916711069992,0,0,0,1
24.075607177906097,26.090196524162643,1,0,0,0
20.04542934008066,30.01450666635444,1,0,1,1
21.037477526946308,29.949597606456297,1,0,1,1
18.869390210084035,32.975954166691295,1,1,1,1
25.000652696283773,32.93164430579829,1,0,0,0
13.035831553323657,39.068333958935916,0,0,1,0
22.988967196337935,28.015055658355035,1,1,0,0
25.978535431472622,31.99330850711225,0,0,1,1
16.021109333071873,31.98257065170225,0,0,1,0
15.091975100141129,28.019427584063962,1,0,0,1
17.978622275933525,40.97144320428201,1,1,1,0
8.943120300231866,39.948786883282054,1,0,1,0
22.99056278934944,29.925294383214062,1,0,1,1
15.979416194383047,30.906930512238947,1,0,0,0
18.01298056739516,19.104583454469775,1,1,1,1
15.06123146787999,29.90883414282386,0,1,1,0
17.972592043757814,18.9913739007008,1,0,0,0
20.96319960499051,34.99350899141637,1,1,1,1
24.967636103795634,26.024746565226167,1,0,0,0
19.960473277513856,34.04905363993459,1,0,0,1
23.002172501217572,26.01229736546981,1,0,0,0
21.056479042711373,22.900606208519932,1,0,0,0
19.01172977904467,33.08503963792142,0,0,1,0
13.986361897616447,46.98050972442896,0,0,1,0
23.991893274667802,35.006771299262276,1,0,1,1
26.944528948478037,26.01043209532435,1,0,0,0
28.952615683218042,24.15118907263112,1,1,1,1
15.988628968462217,28.975163764860316,1,0,1,0
10.985239164643968,27.023380741328385,0,0,1,0
26.983923210767305,25.947117260193856,1,1,0,0
19.98262844147569,29.006625969291402,1,1,1,1
25.001558922433233,25.999107568085382,0,0,1,1
15.063876509587013,31.95784336709941,1,1,1,1
12.986466312232816,29.994402158288416,1,0,1,0
20.01617325254753,24.931347467021567,1,1,1,1
15.028348532979185,21.965267032331056,0,0,0,1
18.02352251777851,36.03340989217788,0,0,0,1
11.97637798939638,42.93378088959616,0,0,1,0
22.095397424667343,16.04239366447487,0,1,0,0
22.037032135492154,26.96234378031045,1,0,1,1
28.01283918907569,34.916447045758076,1,0,0,1
12.924255279639453,36.957701612910135,0,0,1,0
21.974893743552975,16.967647618029563,1,0,1,1
22.926705425248322,26.967812628736688,0,0,0,1
17.96094287538586,43.044991291606415,1,1,1,1
14.984395233997686,27.036574715490243,0,0,1,0
25.917611142944775,31.073404091133266,0,1,0,0
22.061258072754992,31.96664247431158,1,0,0,1
17.012246961352222,29.053175446422575,0,1,1,1
25.038284776294606,27.056615797127368,1,1,1,1
23.91927593729548,25.963292612669267,1,0,1,1
16.025210375926722,25.998508445952773,1,1,1,1
19.998432264966176,26.92782766015316,1,0,0,0
19.019670790259028,35.92848733583788,1,1,1,0
14.01835721884431,21.984412604554773,1,0,1,0
14.911845720288303,30.059416826917946,0,0,1,0
17.985554705957366,34.913059226873955,0,0,1,0
21.96940975582701,32.90765019114047,0,0,1,1
26.027517255070244,29.040885580313144,1,0,1,0
26.985142763138494,13.97608614309959,1,1,1,1
13.983951007980814,29.00025932243295,1,0,1,0
22.0558552905728,26.057424764929017,1,0,1,1
17.000442265334847,35.044385312839196,1,0,1,1
14.965087365156856,26.94833312520055,1,0,1,0
32.027030475147356,26.10600403855254,0,0,0,1
9.96890820046978,35.98661027131624,0,0,1,0
17.99788476371637,23.9582309855576,1,0,1,1
21.012660225514768,26.044760920111308,1,1,0,1
18.846348486458936,32.00894458558526,1,1,1,1
15.046342795678827,33.98736388437135,1,0,1,1
22.0180598942027,36.06690980664693,0,0,1,0
8.96318675549289,22.990719453259647,1,0,1,0
14.0143655301288,34.03103774103204,0,1,1,0
23.01563562896374,27.987308121943723,1,0,1,0
13.080705696151224,31.005045076757355,0,0,1,0
22.056155105513046,36.10325121288504,1,0,0,0
12.094043815350393,31.99263558432327,1,0,0,0
15.02011576956783,35.78054427075676,1,0,1,0
16.96739627152986,18.968579611065156,1,1,1,0
20.0198515801147,28.910663670307756,1,0,0,0
17.907360109246753,35.951660323941695,0,0,1,0
19.992196824958906,34.985411314042345,1,0,0,0
21.959235678560272,18.015102057755016,1,1,0,1
17.957711360263705,39.05132128402736,1,0,1,0
19.00263060379557,30.956731116979675,1,0,0,0
14.076631394619657,36.068553369538435,1,0,0,0
29.03932583756659,35.998054498260686,1,0,0,1
14.060283657259598,39.01840050182473,0,0,1,0
24.978526367705275,28.01573731527948,1,0,1,0
15.037320910981649,35.962398563876924,0,0,1,0
18.038860826822805,30.064358512125406,1,0,1,0
31.008547767609375,32.99434798145643,1,0,0,0
16.942990763642566,31.978394411977348,1,0,1,1
17.0581231502341,37.03523239161103,0,0,1,0
10.08906134637908,37.97535655260878,0,0,1,0
15.001298105671676,20.89985931307371,1,0,1,0
28.978865850757384,25.96669920930198,1,0,1,1
12.067629695487827,37.12112239505417,0,0,1,0
18.046734103144818,31.01965704515737,1,0,1,1
24.02026200456532,26.976275438528646,1,0,0,1
15.96362131590893,35.106083749253294,0,0,1,0
16.02237103556012,37.933800395263496,1,0,1,0
20.065216506633025,17.03976215060369,1,0,0,0
17.036266203157332,31.02876736659038,1,1,1,1
16.908017250509875,24.92582166569742,0,0,1,1
12.968949412259631,36.952753308218995,0,0,1,0
15.90719896550566,36.06372953326907,0,0,1,0
14.012436113015951,39.98014846002106,1,0,1,0
22.991553542183762,30.00981973025051,1,0,1,0
13.976660540597823,33.04338877602631,1,0,0,0
18.96122964379948,31.025023226249257,1,0,1,1
16.004985518816206,27.988959060722483,1,1,1,0
24.94067760109037,37.07170091423698,1,0,0,0
15.036652679650219,23.99518932585359,1,0,0,0
21.907363606915485,39.04308792471017,0,0,1,0
10.036343643184821,35.059530033943396,0,0,1,1
24.94736084684442,22.969544842808833,0,1,0,0
21.947106186773457,29.06485285982456,1,0,0,1
21.982837211908155,27.039034054496287,0,0,0,1
11.97868492059931,28.86879166112493,1,0,1,0
15.939210085074556,34.95876887143977,1,0,0,0
18.977831506023644,36.05480711831777,1,0,0,0
16.016185944778954,29.06178914464971,0,0,1,0
24.97644998693754,29.96638420668398,1,0,1,1
11.97093407590174,44.02344348012709,0,0,1,0
24.995883716090365,25.063502146696347,1,0,1,1
20.986614458647626,33.97832865076092,0,1,1,0
29.95307277263454,28.966267589090883,1,0,0,1
17.977995549470645,26.098767155892276,1,0,0,0
27.977369053017302,19.987722491739966,0,0,0,1
7.871963130717069,18.977693719582355,0,0,1,1
19.001084908552997,30.081392698434705,1,1,1,1
21.948150304767065,34.02413177497279,1,0,1,1
15.126924161471397,34.01587052243997,1,0,1,0
16.070018295844065,29.000336726705083,1,0,0,0
16.922208029416755,29.083238802937412,1,1,0,0
20.01624388122034,38.95620377929591,0,0,1,1
23.017857096221444,25.942270719278685,1,0,0,0
20.014060322796144,29.048639618071785,1,0,1,1
24.00074429376038,26.020122037667175,1,1,0,1
16.01972997106853,30.092205820669715,1,0,1,0
17.008876061275853,22.001124014807687,1,0,1,0
7.051962680481703,33.94063384454689,1,0,1,0
14.933417761997125,27.93360337430033,0,1,1,0
19.007579492240975,30.976453929467755,1,1,1,1
13.987875160396099,59.085368100683574,0,0,1,0
21.962006603732753,28.04916199847227,1,0,1,1
14.965037395091798,38.9917174762158,1,0,1,1
26.0357769025852,28.968668422024372,1,0,0,0
17.01416433990753,23.918030504726772,0,0,1,1
21.069143611952036,30.010082877131723,0,0,1,1
17.945673248688287,24.05094056216034,0,0,0,1
14.99530072836077,31.136975206655414,1,0,1,0
24.99674771636406,28.058487309049276,1,0,1,0
17.997451206734738,20.997007280115206,1,0,0,1
22.9672552179345,37.95797574188355,1,0,0,1
14.016380029213556,27.028510045195606,1,0,0,0
16.043228922564293,32.98281994527998,0,0,1,0
12.032428291898302,23.927268620148194,0,0,1,1
30.903062368649824,18.93388568020499,0,0,0,1
25.046318837391663,35.96146603701639,1,0,0,0
21.026036044935086,26.04342361607506,1,0,0,1
20.019374792390725,35.024518429970094,1,1,1,0
18.94954248293166,30.015266414367435,0,0,1,1
25.966583081582264,28.014805029481163,0,0,0,1
22.003738839456776,30.02255436418519,1,1,1,0
11.029941708632803,25.001015400328022,1,0,1,0
5.895004900713744,34.96071614858663,0,0,1,0
21.01226774742862,25.030553060003697,1,0,0,0
20.99419003578201,30.913334947767595,0,1,1,0
19.99985001782647,35.05097535301007,1,0,0,0
21.997457669144534,33.982169426172035,1,0,0,1
28.980708061269418,28.966586499734735,1,1,1,1
21.951238184412368,36.02430776550382,1,0,1,1
27.03473442611986,32.92367070716561,1,0,1,1
21.96388198205663,23.9702636328113,1,0,1,1
20.993480288054023,22.02069236929061,1,1,1,1
18.019497997209886,44.013781839116454,0,0,1,0
12.955918615876184,33.03177046505091,1,0,1,1
19.051309483405344,25.99901210700821,0,0,0,1
6.97188158085384,31.949448365664836,1,0,0,0
18.960017128885116,24.97264976395775,1,1,1,0
26.04329085015899,32.03567302312222,1,0,0,0
17.932989580748448,31.999941500549657,1,0,1,0
15.937026439781198,20.952142358609592,0,0,1,1
19.05085886738101,23.961673977651056,0,0,1,0
23.986881093464493,30.991532874648932,1,0,0,0
19.971806266172376,24.966135102896647,1,1,1,1
17.017510624892925,36.042308673151396,1,1,0,0
26.0433590907056,27.843404759062793,1,0,0,0
16.939266583634573,36.035705687427665,0,0,1,1
25.020673977202787,27.023067505599286,1,0,0,0
20.050694841705138,22.926437798254653,1,0,0,0
28.96855273225336,28.958556241859988,1,0,0,1
12.971027995720915,23.97682776931873,1,0,1,1
25.10531201488517,34.06202982730965,1,0,1,0
31.89926427595333,28.949100563811616,1,0,0,1
25.998552913384263,35.01921669796567,0,0,1,0
22.95563049889988,26.95176307784943,1,0,0,0
25.081224892297836,23.010168226234786,1,0,0,0
23.92521698745623,24.00582342075257,1,0,0,0
11.947578617873274,32.04008979549502,1,0,1,1
26.971983638358513,27.017922978818337,1,0,0,1
12.049571804665876,18.958651707822654,1,0,0,1
12.003372728303393,34.04230626229528,1,0,0,0
15.963600975731794,33.068737434161534,0,0,1,0
13.064139642805136,23.96051219599376,1,0,1,1
19.000477614312842,31.944971733348492,1,0,0,0
21.976212544034368,32.93397884265778,1,1,1,0
17.02881445958591,25.949834130481914,1,0,1,0
22.99529394677161,36.025182514376205,1,1,1,1
21.999567568699387,33.88250143923777,1,0,1,1
14.955828742195619,37.05260374430119,1,0,0,1
25.1260354346079,23.044284282682636,0,1,0,1
18.069478012929004,34.987134105736715,1,0,1,1
12.99560204745094,27.93694381343264,1,0,0,0
14.028907745843226,30.993097646235924,1,0,1,1
20.959704111069115,34.968899623804916,1,1,1,1
24.00328858375938,21.00851693854034,0,1,1,1
24.029492512315763,27.123459801834642,1,1,1,1
15.113826934477155,28.003080517309474,0,0,1,0
25.02917625459167,24.032684135440565,0,0,0,1
19.060189107651272,41.02925697287306,1,0,1,0
16.966570607127625,31.018967945983356,0,0,1,1
9.98406634547116,31.991520681375135,0,0,1,0
12.978402031217303,28.952175209321183,1,0,0,0
20.94718775036674,38.01591796132874,0,0,1,1
22.052253233288557,20.023600478418903,1,0,1,1
11.011577341263916,30.042483512622425,1,0,1,1
26.0412371373274,36.90568475360083,1,1,1,1
19.940471383194335,31.04417060870453,1,0,0,0
16.97527115589192,24.041362632557025,1,1,1,0
17.00457632196194,41.90639222487833,1,0,1,0
17.972921206910286,31.102241162423834,1,0,1,0
15.029555325721528,19.962899328755512,0,0,0,1
12.9802178222937,38.97450114118329,0,0,1,1
16.954145872389486,36.03027626026122,0,1,1,0
25.04216724459625,32.95557076876215,1,0,0,1
17.01186690518969,17.93269693360775,1,0,1,0
22.951180739611686,35.98908832777264,1,1,1,1
26.03164195661758,27.018923346964648,0,0,0,1
29.010115909027917,33.95943518326066,1,0,0,1
13.966150482619392,39.060998164738855,0,0,1,0
22.03331436412566,29.025418766250898,0,0,0,1
19.03925961533648,33.93721698968522,1,0,1,0
25.00339849855818,35.9221642023932,0,0,0,1
16.997337960068045,21.92598936694376,1,1,1,0
19.03065221048854,28.972895960140274,1,0,1,0
16.071001395889354,24.90794819163536,1,1,1,1
29.023037100505924,30.100890468580296,1,0,1,0
15.97534878723088,25.8887318406451,1,0,1,0
17.932410203696836,37.94004948037425,1,0,1,1
15.963730287118588,30.0285017098042,0,0,1,0
26.09884876840566,24.969768313172878,1,0,0,0
23.931593857687336,37.089544928561644,0,1,0,1
24.965167004374727,38.02142414643279,1,0,0,1
16.05307593852069,34.03035267173853,1,0,1,0
19.015568656456082,39.02188366500965,1,0,1,0
13.091844758491451,39.940405934452905,0,0,1,0
24.941904988920008,33.012514883633244,1,0,1,1
19.001827983220043,33.95917281869016,1,0,1,0
22.96903413376884,26.029515554727766,0,1,0,0
22.017845442460786,29.945584610347264,1,0,0,0
11.963653752053492,36.06496734652768,0,1,1,0
11.080220499801769,31.92886996756085,0,0,1,0
26.969999736264445,33.98901844240413,1,0,1,0
20.985898547610503,31.96840921554586,0,1,0,0
10.966351449113628,32.976295976331684,1,0,1,1
19.010784935694296,29.997904014437882,1,0,1,0
19.003506775918307,33.04030501084001,1,0,1,1
12.965577394119789,30.017917632550702,1,0,1,0
25.998735286721754,24.042210059534643,1,1,1,1
14.002331342139701,28.06771502327528,1,0,1,1
32.02759774481528,23.911769197380785,1,0,0,1
25.04914581032309,34.86874266579516,1,0,0,1
20.99060004492416,25.01262246572962,1,0,1,0
19.92614285174438,25.991438362795385,1,0,1,0
16.9552858489059,35.88950277701919,0,0,1,0
22.90342319468133,34.01266989586106,1,0,1,1
33.91744111204722,25.98825246481127,1,0,0,1
8.96736018530771,31.993637334550737,0,1,1,0
23.969965168611534,33.029498042268145,1,0,0,0
14.943184856855373,37.08857546412434,0,0,1,0
17.03989296001396,21.976812753110124,1,0,0,0
11.005324309730135,32.02556994980872,1,0,1,0
25.05649851970538,26.958509080889623,0,0,1,1
12.995980080304706,43.96658747127727,1,0,1,0
23.913128903546895,28.05587870984666,1,1,1,1
24.021923181238833,36.01708454429791,1,0,1,1
23.05378528124132,36.11559155628214,1,0,1,0
13.997342175596511,17.91723137480064,1,0,1,1
16.949296540355736,37.93667018651346,0,0,1,0
20.953338722465535,31.9778763528575,1,0,1,0
19.056239798258563,22.99587042691274,1,1,1,1
18.04219695354458,33.98186945247815,1,0,1,1
14.064061528188128,42.057911133439795,1,0,1,0
19.944918908521288,37.033291654890334,0,0,1,0
15.014896658848421,34.962489046487896,0,0,1,0
25.076428040714692,31.051077193299076,0,0,1,0
16.11209189000055,20.887964786950104,1,1,0,0
12.000266150331356,32.08909481129324,1,0,0,1
13.035886280437504,34.00566852690126,0,0,1,0
18.089281037431064,27.04434131643996,0,1,1,1
18.961340244157856,37.02545587845255,0,1,0,1
19.000625687971077,32.04441787624173,1,1,1,0
15.017623124859435,27.01694972552374,1,0,1,1
17.009373383608626,20.949861072186046,1,1,1,1
21.043318311749253,31.95945555280957,0,0,0,1
21.97549308258803,31.939404514000937,1,0,1,0
22.08387847249377,24.990590407147447,1,0,1,1
15.966581265835023,39.045245925934694,1,0,1,0
24.90020462069401,37.07596938378227,0,0,1,1
28.063611943088606,25.9625655563315,1,0,0,1
19.99594464217253,28.97575998002489,1,0,0,0
22.975764898402424,33.053949432007116,1,1,0,0
17.959568476506373,20.969562153817733,1,0,1,0
21.990600253095838,35.98825170032511,1,0,0,0
21.04826710561214,35.12641782376045,1,0,1,0
11.977793927281724,41.037969260441535,1,0,0,0
25.028485394076135,35.99816464021905,1,0,1,0
23.982416031019476,28.038787615022496,0,1,0,0
23.026446777347896,39.965395692168585,1,0,0,0
25.95725825415336,21.99548551269466,1,0,0,1
23.8921221412849,29.00161577355938,0,0,0,1
12.065521475041576,30.970040113248356,1,0,0,0
7.983126179843669,44.04139691337236,0,0,1,0
16.039503777473612,38.928911896547646,1,0,1,1
16.0037083088303,32.952730866032006,1,0,1,1
18.01741015079724,31.98672297626854,1,0,0,1
10.120562201981985,26.028320433869872,0,0,1,0
14.02261270613511,22.033063755444154,1,0,0,0
12.997296241198105,27.027869827859682,0,0,1,1
17.00487966304259,25.099549343994433,1,0,0,0
16.02769381601394,27.993346177899436,1,0,0,1
14.956620453136836,25.003524811451058,0,1,0,0
13.937407389391005,24.986796201500407,1,1,1,0
22.99671846590567,31.96879792800604,1,0,1,1
13.932309624022658,42.9825815318383,0,0,1,0
18.965770815558606,27.004945773938157,1,0,1,0
16.05684343167253,53.065761831437214,1,0,0,0
17.984098628309646,36.023484835974266,0,0,1,0
19.991102122212716,34.03788883804681,1,0,1,1
16.97556587155185,25.070330776682532,1,1,1,1
18.07042244221232,31.873039604125218,1,0,1,0
26.038549079459656,26.980461452893334,1,0,0,1
16.03795185724925,30.06649366242092,1,0,0,0
24.97609175377419,27.9975578207133,1,0,0,1
27.037130247961766,31.00220694483328,1,0,0,0
16.96751981452026,32.93733473688274,1,0,0,0
11.028619755401468,29.04416997844662,0,0,1,1
27.113632949544666,22.01026778411257,1,0,0,0
27.030117641944624,31.939799154308197,1,0,0,0
28.8881537250637,31.987794564073894,1,1,0,1
23.98418172884193,23.967435193681993,0,0,0,1
29.98108573913179,32.95207704471524,1,0,1,0
13.912004556402177,31.92174358027498,1,0,1,0
18.86271930675113,25.95467630252633,1,1,0,1
23.950540211418467,36.05298768054091,1,1,1,1
24.003892836213364,29.981469347323007,1,0,0,0
28.94757041775862,33.96239818731738,1,1,1,1
17.089051922962113,37.081179358898645,0,0,1,1
14.971212073778089,22.01060568505656,1,1,0,0
16.0012837226829,22.989165337297205,0,0,1,0
26.859382650324697,25.94986309939257,0,1,0,0
24.034593201116852,31.087487695972314,1,0,0,0
14.142264719745382,33.9812602462605,0,0,1,0
17.01436903548218,31.007739612226192,1,0,1,0
16.90250994121735,27.983386892185646,1,0,0,0
17.002954666651252,34.96794920420062,0,0,1,0
15.957608422613909,35.99058764808232,1,0,1,0
10.942542035473068,41.00051677815912,0,0,1,0
27.934908862388944,18.014819151005838,0,0,0,1
22.060476035122143,38.02387052867181,0,1,1,0
17.936030495603926,24.055528137014637,1,0,1,0
23.027910928777377,32.0075758485874,1,0,0,0
12.98872164894657,37.01520752230931,0,0,1,0
13.97640701761393,23.9697275256064,0,0,0,1
18.006838705865835,31.977585511317788,1,1,1,1
17.02506041635571,37.005905173250326,1,0,1,0
22.96858400073058,33.98608167798495,1,0,1,1
19.04675543805114,32.04556140025953,1,0,1,1
22.003922506538895,23.996916734039672,1,1,0,0
22.984753891453042,27.96548352104111,1,0,0,0
17.02802641376364,24.968357827257393,1,0,0,1
