x1,x2,y
-1.160294623879033,1.4684167869090574,-4.971278275211532
1.132750003671133,-0.5689098437665976,2.0457143307115095
0.5782864857584205,-0.3403825381375096,0.5094513630341644
0.08339368603526687,1.589367076861291,-5.4912921058097774
-0.8267554920349256,0.22147856137816577,-0.9654822769531703
1.0670673721233912,-1.4337220273116664,4.447760651004753
-0.6009143266493496,1.5022674679218804,-4.391125746003601
-0.25034859931340386,-1.3861575849553187,1.134835291968693
-0.9344061641329262,0.060526855958669405,-1.2719901072158992
0.1346529118423014,0.6444515239789834,-0.15236679975907857
1.1062380820703108,0.06423011923676185,1.9863104703687453
-0.21913918820046518,0.42607738286307006,0.3979508275586607
0.4287203573794724,-1.2611283079975895,0.5190203072161956
0.9052968773495167,-0.9250099568361186,0.2503216014724784
-0.6499952813718871,1.4363453654890894,-3.668041726033642
1.0553271780237221,0.9864047106057658,1.1020139520140866
-0.36901288748370753,-1.0217401735462097,-0.5844547145221705
-1.0788111982254243,0.5905986348597673,-1.5303071042205887
-0.32257503149507055,-1.4876262044490671,1.4145823027050353
0.8136688478012559,1.023388346361677,-0.5353757477389934
0.8258807682731963,-0.46551690198442125,1.1573260873740379
0.8416617496855938,1.504645032223499,-4.287998922865954
-0.7836578207123819,0.40153010212459606,-0.39908969147851237
-1.1487126401599532,1.5115079933875137,-5.034098456844832
-0.21730227271966812,0.40738829024781825,-0.3484672961013303
-1.203398225789191,-0.8369073801096238,-4.37950729031926
0.9047527272009159,-1.3352640002481966,1.2961545495983469
-1.1084387230059687,0.3226893054242588,-1.8565726694965425
0.002371795847495406,-1.1395279918359975,-0.11868512613006933
1.5455589489149024,-0.282100991036884,7.59791190824285
-0.08277543971145498,-0.8781028217465249,-0.060486170898897434
-0.12413156531976384,-0.24071384059054104,-0.42925520650166127
-0.18107456375254039,-0.872836090288714,-0.26040961048990496
-0.3437673093058564,-1.343842292332208,0.37989848164212436
1.5366553116757817,0.3569395391266227,8.37497287537824
0.5686675662543025,1.0063164032989886,-1.1589025595055322
0.22989432486754924,-1.1085447069244336,0.09027861611831335
0.7292188543952701,-0.6782081000891499,0.2849363616638876
1.0340074157317969,-1.0623972845508125,1.8388297629651502
1.5705912497635908,1.371283760183453,5.658237494367022
0.29746121967877137,-0.8705031288858163,-0.37352038682254163
-0.7898092603948751,-1.503825347964228,-0.21641445856179986
-1.1526496059914961,-1.233503764684885,-3.943223938647871
-1.158407944486703,0.9303615164671805,-3.0257172111398023
-1.5862215178634285,0.22773555857837133,-9.363386133885113
-0.5169392534485567,1.102332394518997,-0.9700979710020081
0.24965509058413496,0.6392830226850116,-0.27163916511170944
0.5592011404167145,0.5842819910940261,-0.3822683460124333
-0.7784903630874681,1.5032690522592322,-3.5978985385761693
-0.5389792085038331,0.06615168790892093,-0.43070667818812214
0.8047705938284673,-1.2194868862913264,1.74169454552584
0.8874980080933714,-0.032960826185901126,0.7173531996137497
0.28824286514658937,-1.2958425677939163,1.4733607377211468
-1.2071746162832449,1.0595605507996997,-3.3068185548271996
0.4608300846395789,0.3532931493577831,0.45382577902612925
-0.24481473702510784,0.166991771389856,-0.08659871002300708
-1.3403071986435222,-1.5494222225915717,-5.537129027147223
1.313046112592808,-0.951928294642605,3.3335763998070504
-0.922329076907807,-1.3119955486557124,-1.353544138990825
-0.055767972520659376,0.8596082862700133,-0.8070821781655049
-1.4255989920278542,0.37218870376810503,-5.627725656333901
-1.57659373986235,-0.7103292588773957,-10.393677765574193
0.9326447609843914,-0.12501954856604733,1.2245133519750029
-1.2459857038009496,0.3844777172105481,-3.2962859851143933
-1.0414811787942775,0.8450433709481295,-1.6268006738798302
-1.4971229190308795,0.22394529150090536,-6.592922061200316
0.061335151725828756,0.10639939146146632,-0.42834126687492663
1.1601529613066415,1.0736966339554932,0.9687425823001867
0.002451677056890489,0.5957213299684814,-1.0462656573937377
-1.4766656021650058,0.5773401781437503,-5.952258934408714
0.5695099281441429,0.07388959769380783,0.2591976447807775
-0.24430361423806382,1.376337661600397,-2.6055581583012906
0.00919979833713036,0.016886151337906698,-0.41109209028434957
1.3113522448561423,0.9397523976205662,4.186262812671992
-0.5058337966538868,0.6964452724530162,-0.13984147920775047
-0.772617029924032,0.5213582449181466,-0.7268345745338531
-1.5981819863713778,-0.21777388479845783,-9.823731241330336
0.1084980247115933,0.8699537307005625,-0.4941298805813886
0.44484367764532673,-1.5926119277224258,3.8997243482611474
0.26382317292600777,1.5792720740666977,-5.659058549089245
1.0068430179772248,1.2881727015015423,-0.9976950808524506
1.1698321258272901,0.9539117946186657,2.501693655895598
-0.10106674801033294,-0.7697925124654905,-0.40056691575895065
-0.5876433365225114,-1.0335954844117088,-0.9382550005454976
1.3289560329137755,-0.009866892382881787,4.9314387182303445
-0.7569621940579015,1.3747167104229483,-2.6414780832665747
1.583437483586777,1.1933184524386693,8.276716985144805
-0.7761537301633172,0.8074525261873688,-1.5334654296877508
-1.1180780981207554,-1.5724247771719935,-2.0211332133831936
-0.6654101429935093,-0.031367864314923465,-0.7672685360207038
0.2886252248516037,1.118193065887293,-1.9321264426164904
-0.9460494553227559,-1.3005345749172073,-2.1649050599373996
0.418918424872496,1.222960225052634,-1.8093772067590015
-0.0343513893414471,-1.146755302486704,-0.27179655286578697
1.5787791949157697,-0.7011315649147036,8.352526304165073
1.269617189090235,-0.07820424565460869,4.341384632061627
1.1652378534167196,1.4362979424185092,-1.5894990836759226
0.19842935908117704,-1.194995865203327,0.6605598174792244
-1.4554460256338357,-0.059227710955901715,-6.148088235928611
0.4031665814370584,-0.9540247948494684,0.4117697923247178
-0.5710944272565385,0.34601347812669303,-0.2598066766611151
0.7237764108284837,-0.12448182350429562,0.2636691404196051
1.1153935640755985,0.48827948979232655,2.5049973561379306
-0.06586536062114838,1.1578061370112447,-1.6668352764684709
-0.7000518917151735,0.5101524310140857,-0.5750181199009465
-0.45641720479342673,-0.7526170325709451,-0.6178316519186096
-1.4221826658979908,-0.7020434043723012,-7.330005558533135
-0.29075207160064914,0.32567921877666706,0.3710513264494162
-0.8424164124659328,-0.8019597573369222,-1.8732380255482186
-1.4445782724897342,-0.12553726323338807,-6.817491441243288
1.5000074283571163,-0.6059066077405352,6.157974015069758
-0.8809936814532041,1.1093473616263794,-1.5441821907284317
-0.13146951827731215,0.21997182704926,-0.04907891603271213
-0.3388576557020205,-1.1804521823160965,-0.43615231585843095
-0.9940368266468678,-0.6846486341107352,-2.5712124552231805
-1.5656715360778362,-0.9310154924728273,-10.142609208430546
-0.27542297902527724,-1.0346656597530828,-0.5043144498653653
-1.5554038793337552,-0.8651007040036632,-9.884170794466977
-0.88451097319665,-0.14433791445555572,-1.7055972786359614
0.017609021942614333,0.4373448957321795,-0.20356725816847002
0.9574832711727712,0.322348540360456,1.808472728430586
-0.8818691434410039,-1.452917602111552,-1.093673974091508
-1.444164888595676,-1.2502966684334145,-8.253513677038155
0.3530732441285753,0.3953483828567869,0.4398441062774764
0.339250626240035,1.1767646520832358,-1.8080994131082957
-1.193888078340758,1.2713670392130998,-3.6584928887897443
0.7101016944405644,-1.0596062668393127,0.2983096352594453
-1.1113915717074538,0.6001085923515899,-2.2439007672373292
1.4678640831101892,-1.4707224677050779,8.074050619864892
-0.07152393736649358,1.2362714365856755,-2.3260326822930413
0.0407426057603562,-0.21448802282314505,-0.03721637380701528
0.256768693577418,0.8781350546218637,-0.4987323725542834
-1.1394921725486136,1.2130200949086725,-2.849536805502417
1.3932203826127834,-0.10355117879489129,5.253957145094283
1.0412784358282277,-0.6548511188989125,0.7523546191268596
0.46036838425812654,1.032837162466656,-1.0333167685642297
1.3090074061534354,0.09453457691223158,4.36124870309752
0.06488036716982108,0.9595853144442767,-0.9969967859548439
-0.7619316013928465,0.4062474893832601,-0.46938393626380637
-0.4130805710666586,-0.23973834395478022,-0.40850580046404494
-1.03889116334745,1.0339443929820793,-2.0805204355966764
-0.4195891816400938,-0.7854421931926971,-0.6840464602615002
-0.7487012076106713,-0.7227699401964532,-1.821082916081536
-0.27463193090345434,-1.4641345509500856,1.4687180243320124
-0.10884751046007253,0.07242168164199292,-0.16121476238277443
-0.8833738700993337,-0.6819442765969446,-1.9364289963977803
0.6084056626510712,-1.0771465595217458,0.43876757674160827
-1.021034712861222,1.302731590899888,-2.565992979966012
0.7952462940579054,1.2040551456825577,-2.0737627998367545
-0.07992817918604588,0.3308990639603476,0.30606793033243873
1.085023138821483,1.5690293258440722,-4.541595711819173
-0.12087062354026196,-0.5539252739936341,-0.6863572970653375
1.335665885651655,1.1231907841669262,3.044054298782329
0.17371387432456942,0.3899584980938897,0.01212770579917459
1.0484197503762627,0.42132607719060755,2.5134389810325466
-1.4957041816095538,-1.3856703579776324,-8.881119322956302
1.1540172844676164,-0.8106227928763285,2.0904072636071516
-0.3677136124788689,0.44660246795875236,-0.06182555547250204
-0.7492161233295374,1.5013644075127166,-3.8996307802666186
-1.3248564796449758,-1.0358676319291835,-5.5789851445096925
-1.1249952322558145,0.02672876303021461,-2.2338598722373932
0.8778285316538984,0.5479405225874964,1.0414178050328755
0.20875554073980426,0.8479963437312819,-0.35451147263987287
-0.9076617752787155,-0.2751164998744436,-0.9263666260648452
0.32439284099631327,0.8443010153227459,-0.5262948399128694
1.5346261778770967,0.9664828168754994,7.431098444469969
0.43081317573844163,-0.2822051309261752,0.3245369624154984
-1.5011429214846972,-0.33140404683260133,-7.380129611446376
0.655482633738179,-0.05459715369029148,0.854558990137369
0.013004501006562919,-1.3097543485121006,0.7464815880981227
-1.435458705417826,0.5512461799150234,-5.326295160593482
0.6774586269420411,-1.2710473723368019,0.900059807127746
-1.2790803248151992,0.9050258100756647,-3.709423697860588
0.1798089497529258,-0.9079382086478355,-0.14472093578895512
-0.07637177251068686,-0.16149682840473326,0.052341056414992475
1.4859942236527326,-1.2982846288383776,7.224171481645419
-0.07285468807745125,-0.449067860266845,0.0817776054400475
-1.29249525448998,-1.1087183294252356,-5.341780711884452
-1.5759774950400005,-0.5243841007060042,-9.96023135062759
1.5737846927924104,0.10052419711118006,9.160600283829545
-0.19183965365263234,-1.1974175414006873,0.1849941068353494
0.8445548480210814,0.9575830928386133,0.4318080166091474
1.529746386521536,-0.08039412327774756,7.417973574470223
0.9111104667243244,1.4962976831919113,-3.405805360846176
0.24595506719229726,0.9798110894231208,-1.0763114820737467
0.44488707284695617,1.151905739845139,-1.9028711687297373
-0.4971491631628233,0.18240570202064071,-0.14809201636273994
-0.7100372580112388,-0.9533180747344705,-1.0544883576353528
-1.0343270945944585,1.1411657090956016,-2.4879680849727457
1.1216668125483444,-0.1718965165425871,2.0565792464013075
-0.2682826237846694,-0.9918553089292907,-0.9125096364636067
-1.0817869752011802,0.44560108913974406,-2.2862690528507734
-1.329778172352355,-0.2694163130540492,-4.242935038362974
-0.8708230830309319,0.8298915200716398,-0.9402415764233591
-1.006799127032046,-0.11575004651879617,-1.363160170358721
1.5589962625334204,-1.456382968075915,10.11315477873891
-0.5955412166336345,0.7766162135202741,-0.353364089190775
0.2317220798676395,-1.135583185071841,-0.17878239534723067
-1.1803034586089283,-0.9645322766998142,-4.126363155237971
-1.2764602690061282,0.9950812871677499,-4.107436370526271
0.5211654808434638,1.4579944225503039,-4.9087744671119955
0.3062840789943277,-0.8599022730020729,0.17100310573080113
-0.09075139000198824,-0.04465520140520632,0.43797560955042447
1.3105671803883199,0.27879660971833786,4.665630956954034
1.385674309120676,0.9739549299615065,5.223566886141126
1.5404387240096054,-0.099183747159449,7.682155761649828
-0.5151752300707869,-0.5506435727017472,-0.6609404280460534
-1.4310172755196469,-1.5983400186697425,-7.123379412685573
1.3323136625221694,-0.06108662943974857,4.26682779878924
0.6179053661750449,-1.0465794033853502,0.3338015052845959
1.2748012286059986,-0.7894156777419401,2.678461906043155
-0.6133337473508984,-1.1927161653470744,-0.5506314500141283
-0.5417085864124627,1.2120435833041268,-2.0521884912284767
0.4058399449094676,0.7912633606146233,-0.12533428696267052
-0.002578478648885252,0.3831020460148487,-0.21780520872463832
0.7263827657180244,0.8596719741365025,0.6107581518195395
-0.6899291693650916,-0.6278508210881789,-0.6851977512566805
0.7938270690556565,-1.370041069308928,1.9136455378346318
1.1504985337898408,-0.16559246542801986,2.6381653235616143
0.9396332283596078,-0.9217452445422638,0.7005560701149204
0.11676135600720237,1.4893310511415536,-5.0543583809411325
0.7224628310893885,0.21420094502203782,1.2273584691315373
0.7790718759116331,1.1268650786213816,-0.7014656488690252
-0.1640655769559981,-0.34266183456936333,-0.04622520846791141
0.9376159326708173,1.1130779751156947,-0.056962931418241936
-0.6690629179516204,0.04818281354148653,-0.806609617596341
-0.9556853790313113,1.3746333298151094,-3.043491618192696
1.1405108180983656,-1.3512170658398652,3.6492479216688953
1.021439613740737,-1.3031805522416169,2.1540025965250895
1.1193254329761158,0.36425041858883705,2.396797227708334
0.3479716124743895,0.2591659959937623,-0.06442752214820617
1.2802920900597845,-0.5035190526923501,3.2941078639911274
-1.0289863621701412,-0.9614656227216308,-1.9014046551764063
1.420154777931876,-0.31344704589737804,5.522305449781732
-1.4853031954618778,1.4712784714535052,-7.9521692600231155
-1.4013980590715034,-0.13356146708315536,-5.723155750657179
0.8927883346500128,-1.1694329330779294,1.426999005674444
-1.1094901868016191,-1.026341413895235,-3.6786964529044917
-0.11302515885654536,-0.42270611129018365,-0.2856178413368642
0.2948250396917338,0.8194409037703612,-0.7556323382987276
1.1978696202714023,-1.5232948623105427,5.12727454429477
0.6233540122191944,1.154301018642861,-1.4942981683444554
-0.9001464763147684,0.05041816412176417,-0.38789238051535413
1.0994828312401317,0.44028384153106903,1.97651551336452
1.3074582102643426,0.6390628281943986,4.173492913251033
-0.3371843579197368,-0.5787760364810687,-0.5635006598701376
-1.112601271317861,0.6282252002487554,-2.538784576640484
1.1255109848080598,-0.8265612864603811,2.1112586285860133
0.5652876240308405,-1.3885465250579365,2.377816595742276
1.5810488718476112,-1.4763382085539694,10.420958851323597
-0.5824284897534419,0.014483958471136305,0.1440012458510449
-0.7533623109719628,-1.4734073331513864,-0.03897347268475354
-0.5655491700316653,0.28043191888973773,0.35869929717033855
-1.4484079784656327,-0.6828999522757976,-8.359421652387002
1.533518827863295,-0.3931370228618217,7.410881545659361
1.543573385934504,1.4495972248575406,3.3121379016628167
0.11167408952278564,1.3303835452118706,-2.7694134418088976
-0.7717259608403211,0.014544767052598929,-0.7326915599249454
1.1608466039708099,-1.596054199961894,6.733956120369949
-1.3839125938622292,0.039177507541206684,-5.410165315545328
-0.4738241823265085,0.21052870199708984,-0.1854499442990485
0.6893028147705653,0.7647488125297337,-0.11576156875380506
0.1727396026139502,-1.5323007634454608,2.6719653248902855
-0.096140991080512,-0.0765063786282859,-0.2866183315518379
-1.3308309294179776,-0.8202641470217167,-5.736519563225556
1.5674338214555954,-1.3630154132189647,9.604914105774368
1.2559606069994442,0.7987795805531761,2.9487005464293166
-1.4752659918805748,-0.01727928328175068,-7.450217211726333
0.600528157331496,0.6573003695488406,-0.1485040516287054
1.5253250502930855,-0.581355559587135,7.641284112738413
-1.031978936201704,-0.5156619660492642,-2.596410452332328
-0.9754063045803019,-1.4145748974779844,-1.7326609346759265
1.1964431932921646,-0.7882735790021489,2.2019487946613125
1.2995417944485812,0.9550347034497844,3.9546315284212374
-0.8131981215838124,0.7354087881691733,-1.3370052164341457
1.147513343716424,0.6315776929899646,2.817744566611198
0.7149803788073168,1.1819578460112758,-1.1773028895269637
-0.8985945072683766,-0.9331861074079519,-2.2700467123177974
1.3590453351036438,1.0322658899757813,4.149454257904993
0.11541771503243936,0.045513184609326275,0.11616826700882896
0.42330500169667257,-0.3426323469752536,0.5540252796701532
-0.8240548703093353,-0.06443711823659158,-1.2040194270648252
0.9180524206400886,1.322092001111065,-1.5615622211506424
-1.1220026996219177,1.4769588145313042,-4.923817046060166
1.5302541784465964,0.7839728824950033,7.95851553923515
-0.6129292080071995,1.3735751808196799,-2.62517558525664
-1.2805406170342715,-1.256310539876553,-5.318795062884254
0.27507639710737525,-0.2880563576798618,0.0521636692872114
0.19591381724814136,-0.36681766125727044,0.15295348323212893
1.1529020359006108,-0.574728948488615,2.502411880141049
-1.0541025006819644,1.360384378805751,-3.056363771784434
0.9618675861563205,0.3769245072178663,1.1657817451703705
0.01337153405060434,0.8008511614343459,-0.06654578146598183
-1.4846085303124363,-0.26111985869804677,-7.131872814759163
0.08028256949523574,-1.0759958263734533,-0.3214249571065672
-0.3589065754763208,0.45084363067571015,-0.23258840624818589
-0.05835663564105076,0.2060565771493714,0.4834478759620179
-0.6741755644725296,-0.7750130889524659,-0.698252006837007
-0.1395076547140949,-0.36370733688581824,-0.056353271796188584
-0.19548332702385063,-1.5308413443829427,1.9655984225477978
0.4430960888471699,0.07080029729008289,0.45284876570417826
1.2631314614871418,-1.0048818563977306,3.3947005779297594
-1.2002442262219422,0.01449916861755689,-3.6763321714209636
-1.5367473749033866,-0.5550501034503043,-9.301053013066168
0.797929157436819,-0.6788643966459074,0.1327567914002053
-0.14362290428236052,0.05148096402275968,-0.08898537111804708
-1.4382848363198155,1.1757553263442677,-5.7588618472046145
1.2476768226314594,-0.5940865835843046,2.895462011088193
-0.39564968486135615,1.5572209437578306,-5.318025444521238
1.4740041140122646,0.709876263147563,6.789077053562336
-0.7534726043158045,1.1087313154174623,-2.0822351329782105
-0.3857149448738273,0.5943787054590253,-0.020648116131947558
0.22026817722982095,-0.6725308356816271,0.1442779282722676
-0.7473173839972926,-1.152741084947338,-0.8930419462736081
0.5386583705444921,-0.39445117480039543,0.10720669374965004
-0.6214392680365844,0.38053241975528285,-0.8893582202821774
-0.42129867453969894,0.11895247464581936,0.1568904925117284
-0.13319586828315977,-1.303086546794434,0.7483726844328643
-1.5072015897456978,-0.8293502142683296,-8.613257710522653
0.8875478826486152,0.056516868120732866,0.5217320938841556
-1.2915489211088023,1.2883276689402934,-4.960955965689531
-1.1718834380996626,0.6203498694688044,-2.848601839013271
0.7516581193929306,-0.9523053019977014,0.17549854266694148
1.2988871002168907,1.5062725158278818,-1.1133643547903729
-1.36297423123614,-0.17011570427471165,-4.794328142194732
-0.5128449672031028,-1.3720176724269084,0.15441233031529972
0.32994290348392213,-0.279770978324223,0.2550253439250664
0.3660355409125945,-0.4041023907764757,0.07240865551950595
0.8704397827551618,0.5173160421368355,0.6431469815764221
-0.4874443685251095,0.5200947019718395,-0.129847647004427
0.34015807421669,1.4041771334625228,-3.947131036835602
-1.2998149631752804,-0.28040027424888125,-4.03311486493464
0.9983622448337436,-0.7529225260174806,1.1891987631106073
-0.011464056194213514,-0.1095761908567841,0.815243074700881
0.23024200205184864,-0.915741371910407,-0.4663593643073721
-1.1772709206350596,0.3660151697341434,-2.157018019599072
-1.48851727910427,0.4872243406907373,-6.857499834484786
1.3937342202964964,-1.409642585013312,6.627013081506957
-0.5326402352692629,-0.5418336097716718,-0.727121329997849
-1.142329999466768,0.8856574102150994,-1.9451498859296645
-1.4291778155930388,0.2916602115551079,-5.680504568201712
1.139932812149144,0.41940941719004,3.3561987307637025
-1.4816936729562427,-0.4073525078184506,-7.625481474482209
1.427286601015457,-0.7891732677146011,4.485107334538112
0.34090272130542304,0.6731494144730537,-0.4841251784684524
-1.2956936056642094,0.7222900104685661,-3.5286797090676436
-0.30708994962954894,-0.082660065655622,0.2381823864928721
-1.0710037652246684,-0.7895824819193685,-3.077255133997442
0.4126336549208869,0.359805853610181,0.48146653558760816
-0.861826798950855,1.2985339293256324,-2.9999807761442603
-0.3579077293501918,-0.4947731418576254,-0.7802079530120452
-0.0355254352938541,0.002114690116063045,-0.5480428617760366
0.026135538601200284,-0.033593579176934084,-0.6013105015679578
-1.4433161285655065,-0.8494875185878445,-7.172886186824692
-1.1806151950165977,-1.2039878283188974,-4.882047668678803
-0.10165950178053117,-0.9582000917710272,-0.054806393649779545
0.634618905179482,1.5574781198342398,-5.981187267412216
-0.5151492557655669,0.49747005670400424,0.37789050421825676
-0.9997002177936278,-1.3286029080455581,-2.444903628585573
-1.1300360485715064,1.1545631155857154,-2.4818526682424498
0.7205866267227802,0.6658919541874813,0.6000278350362998
-0.20266403411571368,1.5834076570547468,-5.798090995967761
0.2318653859907702,0.210470081382147,-0.5186360852963872
-1.2981071915531026,1.5816613733225051,-7.394260802128005
0.8645982382213853,0.9575133493089769,0.26631641500176295
1.0724025314583479,-0.9181602099231925,1.450868124263348
1.4471990907061867,-0.057501569323678225,6.555436218783092
-1.2096993145292068,1.1276234173768522,-3.401945791634812
0.5388894777295093,-0.09249214034197593,0.17027876686085064
-0.7235002604606553,-1.4950080016072684,-0.6906887885782202
-1.163294227057565,-0.575484899542818,-2.878369418034898
1.1753697296037804,0.665100462084633,2.661000334444668
0.3544644263533385,0.17133068828675668,-0.12459919120600255
-1.525671736490373,-0.31980337236878287,-8.224145927465559
0.487785780867301,-0.588114714163062,0.4348443653222021
1.3760107115350957,-0.006618071075559584,4.880972679241374
0.870735652334674,-0.6049231682535482,0.007968999183754821
-1.5273213659716465,-1.3118468455179464,-10.49124556050315
0.3717302400771882,-1.051867826903076,0.31578713465772024
-1.0363574426461444,-1.1689855202452886,-2.9315595413639746
0.8112146016008254,1.2193153661371843,-1.559730132829184
1.542861748217102,0.3430765775810308,8.580772175397447
1.449520516992331,0.48254268709675757,6.752313619793387
0.4310986240018906,0.17145408210558666,-0.3604472471910665
-1.286773503312449,-0.7170437054693978,-4.318085893318484
-1.458639670578684,-0.3159521146044373,-6.926148214356349
-0.20876881021105229,-0.8683340714812332,-0.5772496042725153
0.44034873673295966,-1.4373329217648732,2.2516061129624183
-0.46330293081216073,-0.4836459134515281,-0.7839940999960173
-0.1761991647135801,0.15036092025029824,-0.2650662156292434
0.007721579619002839,1.5076324857674495,-5.223840375103771
0.10013681541953581,0.8936638194393624,-0.41965901119273935
1.395607882802381,-0.1987070809639896,5.4352762538881505
-0.014063749756342149,-1.4233281385344627,1.5404684673029632
-0.151974619121971,1.0964947894982278,-1.2339883358822767
1.3499278404959842,-0.5786992172541758,4.232024690406922
1.536086974573416,-0.13260594413283258,8.263942811636054
-0.5933389790853039,0.8766062036405,-0.7463044284282806
0.8401028706260875,-0.7342881890874378,0.8833810880427222
-0.6427995386671288,-1.4735244201912625,0.6347379335499133
-0.9606562218939758,-0.6646030610240268,-1.5292354107222583
0.6781369938834519,0.20327435830251944,0.4940962444259858
-0.4522470671106842,-0.29225799242651895,-0.06160789131577554
1.1288996148221206,-0.4862994450895542,2.2137075378766924
-1.543459900800281,-0.14950426719947707,-8.700701244675358
-0.3040190032133847,0.9887027280215968,-0.96323678910825
-0.2400659658684756,-0.4160500228889671,-0.46323562311372724
0.9202874759338855,-1.0074260961485837,-0.07487383165068584
1.116134762035484,-1.1027292183767181,2.8460089737088077
-0.2666688062723836,-0.5710538168291216,-0.7504375439242148
-1.3127896471961753,-1.352204527166598,-5.67845758992027
1.1307029476609902,-0.6433803164195023,1.3096146635982011
0.8062819890397297,0.13074123822384395,1.3287437267223818
0.5609780117359492,0.6824262281974343,-0.019267394944703406
0.8269511589912132,1.5469346431774005,-4.923429702432149
-1.5217573091775525,-0.8954947483126411,-9.355049147178883
0.8797052908202496,-0.010910467691898873,0.8516749900401897
0.4253364136563864,-0.6779020346161225,-0.030369477312505548
-0.8436466067726575,-1.4428235399998717,-0.5654335458659305
0.20784195671181394,0.23177764490831906,0.0037328985676036326
0.6977994772296015,-0.18350075148717374,0.724733812854904
0.7661806991248317,0.9627890947412227,0.006915276946235477
-0.018996468282313474,-0.6391298811439147,-0.4012907384413823
-0.12218268336080557,0.508010911413443,-0.4738575124909044
1.21007175889772,-0.40171540336339934,2.0645043509803402
0.3131393062598516,1.0108838894819012,-0.7558959073483871
-0.8489488350339336,0.15447461714620375,-0.7683851240321373
-0.4965399699237189,-0.2519035914135852,-0.30279319773850755
0.6720540161747949,0.4337931328325915,-0.14574612617803273
0.0694854853946886,-0.2203169371484318,-0.4306175701800763
0.16076701410642436,0.6560902288774173,-0.5317010972229778
-1.2034371431887523,0.1768179836801796,-2.774537173202206
1.0456395516638306,-1.156542235384119,2.0153928751145704
-0.0251097101586268,0.31869901287235936,-0.2630987322133405
-1.385066659687146,-0.953667079395899,-7.2948058163328175
0.06034675323663699,-0.5890270341414624,0.02480563164920599
-0.6257071152766948,0.1692744130062767,-0.8712566437410146
1.2250418113090498,0.8337472727355743,3.463886515062244
0.5071384588585343,1.054705309074256,-1.3253369456287976
0.26446191780652023,-0.3356741198467493,-0.03846697987030467
-0.027976171547628326,1.2576992625161698,-2.668009216017563
-0.08709128717120579,1.4401955027981987,-4.083521874582876
-0.8276094027946788,-0.5680244890602711,-1.0046442400089894
-0.23601854982381845,0.9456816839315266,-1.3586415729299257
-1.582486051729192,0.9172790799795177,-8.411091339476613
-0.01874673114424503,-1.2292584821271413,0.6764121106274819
0.711549921908641,-0.12199286319556038,0.634403893493887
1.4673894823726252,-0.05662900178271926,6.789153669725845
-0.4042952676041278,-1.2977066622031512,0.2452171166614724
-0.07079272312401344,-0.26595402049636796,0.2573060218647779
1.5652256085875376,0.17910216969103487,8.581887614454086
-0.6876083186713959,-0.5278499919835689,-0.6506169803780746
-0.5070775609548068,-1.078859036023352,-1.2404184240559673
-1.1842511829264908,-0.07774423607701203,-3.2736008191787627
-1.2640649091325742,-0.32463197855507,-4.079041066279542
-0.13904856641903293,-0.3389696826609047,-0.03935755299675937
1.5062336780636905,1.2579875882310327,4.956250953161566
1.4244745205464726,-1.4371816494559533,7.4959025958556635
-1.1700258773982033,-0.4307889177627729,-3.88983369177058
1.394797126435458,1.0799223801208861,4.3088886174155565
-0.4936614215595757,-0.3885030798088611,0.42847726344160975
-1.1058461183291441,-0.9674656567851536,-3.7214647349664873
-1.2566004389359346,-0.007527352430787815,-4.037371125773859
0.44940547873165215,-0.9550880787443738,-0.20685742385252243
1.590510905080234,1.213440077784785,7.462125072075738
0.25272807920077617,-1.5852198437013518,2.558851418978903
0.09133353261584923,1.0650785749168392,-1.6240360715532207
1.4253330318078352,-0.7494098775197898,5.177482546939173
0.47727696042967804,0.5446504171243358,0.02108534171762482
0.102035492307418,-1.000835377230907,-0.11585702550639025
-1.1967157064107952,-1.1401002833422909,-5.002049629965536
-0.9602937520796534,-1.5764407367967825,-1.5290949777251581
-0.7337703632156576,0.07013910646161108,-0.5608951253460597
1.1531068505017068,0.47487259265075576,2.6681399975765188
-0.4438435236714142,1.1283927009262396,-1.2965055424390572
-0.6158877682534843,0.31512701298475715,0.18508556470009097
0.008573839347414137,-1.11423445414774,-0.25586337718896385
1.379955954208326,-1.216852516796407,5.551170335875149
-0.28077249131495957,0.8308577673804631,-1.2975177042599846
0.7754174381375254,0.29038334132405164,0.8835743876156509
-0.07902202277246673,0.8120661748606584,-0.5282085849669442
0.9688072006790901,1.2577679512104085,-0.009177904583501872
-1.1928769219461504,-0.9961209279074584,-4.115713082750009
0.373619773047389,0.13556608736705586,0.008752288887941856
1.3113491927463483,-0.6559385321203348,3.132760166868435
0.672784644275157,1.1242708780870523,-1.583348601796731
0.5673196779660711,-1.5052566747884377,2.676059297895447
1.4502576796966047,-1.076553991327648,5.38133390248367
-1.0998677697248798,-1.266715219830811,-2.8369796449565565
0.750787494192517,-0.9822672292195069,0.6379823484452074
-1.2101359851887006,0.0202557811860256,-3.276739320743214
1.26561464703003,-0.21008240567905362,3.5342953433286994
1.173148262891752,0.7874175326699682,3.03215018987802
1.4493518991538104,0.35219354523895635,6.687091454109154
-1.2239859767916752,-1.4085621205846426,-4.160868953335728
-0.9133290469775066,-0.2927083400811643,-1.5871259241527047
0.8986827344609534,1.4032366686754107,-3.156077215022351
1.1986404475378298,-0.514169133643005,2.5734119365458508
-0.44288310536747955,-0.34717810660981957,0.5589335731775441
0.16692065057416663,1.0771617313046176,-0.9762022067090335
-1.0497268738015268,1.2488446778355802,-2.759337591870096
-1.2252685891196464,-1.3193311618855412,-4.41478543066239
1.4461721282589055,-1.5614340383490395,9.24563381990896
1.2765490442256437,1.5097722196694763,-1.5817719090741507
-0.3650518673177125,-0.969729463615916,-0.15679367194862665
-0.11195477763432643,-0.31855601521510946,0.3218503469645165
-0.5043082342059882,0.9422624975868299,-1.1231020375455918
-1.564746664370469,-1.0284666377692233,-10.45932043182349
0.6408483264071972,-0.6004267475774686,0.07279945289658256
0.3829392831035566,1.3852825037224106,-3.252630227016488
0.31413721613047907,1.2739842576035025,-2.5680995519428884
-1.2971527416019564,-1.068599576275286,-5.371622355943834
0.43863642877186426,-1.2098506293276399,0.386134886747734
-0.06205558098461914,-0.1393529775543307,-0.26041722236710446
1.3682001632208245,-0.32774977976019,3.9992003204487228
-0.3876225396865369,0.28006237617868984,-0.9241743719833928
-0.2770936179524526,1.0365195553625488,-1.2755697073663632
-1.0256253684925203,-0.27658261980809656,-1.841110485514504
-0.7335719957830392,0.6716950313001725,-0.19659263661425141
-1.317112669757842,0.5574246158234119,-4.081474196299396
-1.3762187792740441,-0.06040607435792076,-5.257778766773251
-0.9868703690793605,-1.520565978244568,-0.8236963079497285
0.5491609883387479,-0.8394932372460886,0.5619457915991916
-0.011876022946445276,1.3415858630951225,-3.481273086080552
-1.54099903079938,-0.19462875774100896,-7.971117662205966
-0.04269334131788689,-0.02973761806553306,-0.6627557534151036
-0.7809117101836712,1.3953394241566828,-3.557758311110628
-1.4198757984576282,1.1316165540695486,-5.076750799962856
0.5286846899331881,0.5926867819716254,0.5136189594065272
0.9837811391241016,1.5959787842136475,-5.669738592680546
1.24729429292758,1.3075463889780545,0.5002165409362406
0.8615762601543087,0.7470926169594748,0.3856985215873023
0.2890248028260768,-0.329791783206931,0.17249264100576767
-0.1475299773558408,-0.806913398555654,-1.0557491027523112
-0.5573588539579138,-0.4145289406884196,-0.10011380770965284
1.0582526039869806,-1.4344008140675688,4.174147907783832
-0.563515959298277,-0.0646447911835093,-0.4260482365018231
-1.0306800374523377,0.36195014078124643,-1.4035058868000498
-0.5370782473489548,-1.0587689363748616,-0.9456318179626745
1.3678734672128856,-0.16573654957801126,4.797925025317283
0.39007287480078645,1.1460009747994342,-1.8739992519833775
0.0625587139510209,0.026217327290383355,-0.30143763003467483
-0.2298564367716054,0.4413975815892638,-0.41290411761069556
0.9030758248569442,0.7935684126478301,0.47155541955288777
0.7570338979703458,-0.1289297137485054,0.9943570887491961
-1.5045287356809682,-0.49126830269702104,-8.267557789981064
-0.23070971621968006,0.3551601505172105,-0.03102998132032936
-1.0549081802927398,1.5316292604814046,-4.969615142014485
-0.734906277762152,-1.0861173997282603,-0.9831152557893839
0.8876954823717682,1.5098445633950957,-4.589638916504957
-1.181051801131203,-1.4344912266675487,-3.7992526782941147
0.37988729014285455,-1.4716959684071171,2.3598534849620743
-1.3105896736507754,1.270506876469201,-5.496970001484343
0.45759495469066425,1.1749512851414594,-1.7102707178617267
-0.5634026593995642,1.4356655958804514,-3.047283905212365
-0.8770273346662961,-0.19890698983732094,-1.5893830723205666
-0.8934466521314111,0.4994364131042026,-0.7907449823500411
-1.0839303070924744,0.003343280330763321,-2.42139267210064
1.4864604356454454,-0.7532876628922935,6.074164660465518
0.8978596400850698,1.0918518598878606,-0.5225587570310204
1.3402342192981853,-1.5703686981724052,8.34466132879663
-0.6914929988350753,1.0780690549150023,-2.1038732392712403
1.3471055119598407,-1.07029848724711,4.302812401728813
-0.3440488503521799,1.3564812817453757,-3.1650304681735526
-0.9657464729187268,1.314042326818833,-2.40817744947806
1.0640937117568228,-1.0356595839741574,2.307394984444395
1.3493919495602253,-0.020778942603708474,4.572803022103169
1.0257826644475543,-0.8295901721143377,1.3593273801382584
-0.30446411383509187,0.8320479095809117,-1.1414976717627525
-0.38703137588062336,0.05446235791817351,-0.4995453295250518
-0.4275441605560083,-0.5520141938798545,-0.3023122580500738
0.8480780965697374,-0.615470507587104,0.7006088000182895
-1.4227346906743676,-1.0411472930052714,-7.675518250247498
1.5830455965920796,0.558711926332877,9.351875128749308
-0.6305131877206336,-0.41832690770890046,-0.635191701511135
0.4552077394175793,0.6092862544496047,-0.35860287140334784
-1.539090726984043,-1.07043917573832,-10.150576623359063
-0.2740679296180439,0.07000459100433894,-0.26990568724521435
1.0551997123997168,0.14655451436628297,2.565177357172675
-1.255228972941131,1.3312379044403455,-5.090782570877217
1.2427694498010897,1.3749331869425765,0.009649611598409713
-0.5136711865315114,1.4556748539385844,-3.5920605394349954
-1.513017172807728,1.4672489407214475,-8.587492650433632
0.06473621454718029,-0.2945234228461914,0.16282499955226898
1.3957661812486277,1.5270167357259437,-0.36188303489056467
-0.8471795570699361,-0.7161364369389887,-1.4062460344186245
-0.9756024285045236,0.21942308705195332,-1.9462425130374932
-1.5548008528741635,1.368538887853509,-8.136629313759528
-1.231404629394366,0.20435969110820482,-3.3427390537082418
-0.17938276353287572,1.394999998194323,-3.3198654317668472
0.3389605684727286,0.9647417947501289,-0.44893321265936065
-0.5560372410750184,0.4529962430859271,-0.491640463564029
-0.34324796127439045,-0.23967157762461933,0.31767443973705634
0.8943281304682525,0.45594648318575254,1.5503207866524322
1.5068311313463612,-0.3816564441051359,6.734823421972756
0.841289660926493,-1.4140528584913685,2.496897007133645
0.36715758140252497,-0.2647884484522042,0.08125230821698765
-1.5149511520086667,-1.44173076113275,-9.44372210873622
-1.1871038170174664,-1.1125545274957578,-3.8244551966949416
-1.0549789180421474,-1.3787578801084337,-2.905005137175544
-0.15665119940718386,0.2173895373711762,-0.23988439739588865
-1.4874368570098568,-1.0959253077840658,-8.886257044243902
-0.5510152937792449,0.008038557872467322,-0.7460898318545872
-1.2536017872804575,-0.8312033655051465,-4.781988955076765
-1.146893156579921,-0.16561403758607654,-2.1754143313142262
-1.106293998676877,1.4114441112470315,-4.248547694354343
-0.25528806709619795,-0.9980664700116759,-0.8252364178631156
0.4910054688303845,-0.6419734671525582,-0.3192805413568845
-0.44589652975918637,0.040765582741626366,0.17429173927079356
1.0820369754569732,-1.1452674372747436,2.0485783713738117
1.1907337664114361,0.32678205386696746,3.4129665744927182
-0.004353449995791437,-0.020249355933933445,-0.46383258026048424
-0.810479828865692,0.7568742966460417,-1.3890430239770537
0.5119559815587653,0.7194138311899938,-0.49402680506712027
-0.83127591632319,0.4634214219497295,-1.2694574423753102
-0.595690329242731,-0.7270261435333257,-0.7356303426260081
1.1921015972751943,-0.056396785186833755,3.0180812547871807
1.0082339079000133,-0.16562997385405753,1.1075858043430524
0.26152735346788775,-1.5304849417469133,2.8050479408537474
-1.2989697181139335,1.2469005493612713,-4.631318094411457
0.16957780880927978,1.3956479578830792,-3.5757396113253437
-0.9607179146878156,0.9731984837832407,-1.3005275475318276
-0.9996502631518926,0.30167262176505577,-1.3655306816641448
1.2416920263281632,0.8454731186563738,3.2799871787066093
0.7073297749335214,-1.4116846805362184,1.980733521827131
-0.9858522834845268,-1.038520810946919,-1.9518943756162428
1.3656620527647787,1.3848947829023441,1.4537544088586762
0.3046810893227896,-0.3444189026502592,-0.07023285218973488
-1.5428449306394214,1.3598799126622254,-8.131599382416404
-0.593757786418556,1.0796235595042194,-1.2506981052858188
0.9918103566235861,-1.3150655837598297,2.536099872556332
-0.2964403588384887,0.2181355241323665,-0.5104244497766651
-1.2522972695607604,-0.8794314684622546,-4.4588557585457895
-0.34611932828783126,-0.9594130221284495,-0.8951899220412249
0.9822215179329142,1.398103322019052,-2.144302612492932
-1.4571229152823078,-0.8548726881801401,-7.434647375466977
0.8318940278423362,-1.1894615727644156,0.7744951832369882
-0.693609813599635,0.19676606212603076,-0.2123873406119665
0.9520346741784081,1.0853563719498383,-0.5114104533537603
1.469863512433947,0.48806144240852234,7.28762735093457
-0.6738249359741921,0.947393432402787,-0.9870935768043688
1.491848401178164,0.07033636517776216,7.090370782276042
-1.2309553980448387,0.38262162019299845,-3.4136682319432814
-1.4423868162316993,-0.4044347569293709,-7.017305511602813
-0.4269405968030384,0.0686182725055815,-0.008616076688769236
-0.9670084887705699,0.8900845521408396,-2.2050241563012754
0.7897267563168833,-0.7601263490468331,0.6701601738352246
-0.11544868444783987,1.4162188810058813,-4.150899150808476
-1.2208685529054677,1.1217077734105043,-3.4466553394185167
-0.2632214836389132,-0.7764085982235326,-0.2318022177416889
0.2574025510491033,-0.3944471097326506,-0.13232540775459584
1.563532475262645,1.0185851798523615,8.028088873757106
-1.095642724400001,-1.1270932078649867,-3.9949457215140773
0.7999473213928596,-0.4912228437982439,0.4587335996747861
-0.6355179624954058,-1.5005772797765122,0.3055124630156878
-0.2933663275744358,0.7973573034097055,-0.4695937080267223
1.29064919028497,0.7062270294987251,3.3739349192142134
1.3473830313446133,0.011625360585917477,5.240553369329041
-0.5492441439849959,0.11339132745601006,0.30903240652661174
-0.6224620404122558,-0.7972707467036092,-0.604891941096724
1.5688898786968144,0.08567434035938462,9.078779844833523
-0.10649278807349064,-1.459827949480868,1.6145374597528375
-1.5946857354406383,-1.241374812804168,-11.574685429287394
-0.7101582534999764,-0.6249452679653399,-0.49906585770973194
-1.2223811132143512,1.4780725265584467,-5.170657894430592
-0.9141555108640429,-1.1532043066268138,-1.9849991512642298
-1.2652316902247194,1.292714530809728,-4.263912771500026
-1.37016915039077,-1.1590606850310234,-6.725609187533336
-0.620938802717912,0.2535026206140671,-0.28560892040021996
-1.1509132893954797,-0.2588341781878278,-3.110340867964658
0.34101227262537537,-0.17699831036561378,0.41839649786405
1.5650942063996878,-1.1195854184023772,7.9582861586805995
-0.7986141224579577,-0.7588117370886955,-1.550861242253266
-0.3095245346228989,-1.3431125747070813,-0.12303379532423764
-0.5323591733496379,1.2747729515569146,-2.3430745363944827
1.3853870670512167,-0.9476459925454596,5.000372714772354
-0.8448087596142315,0.8420975674236815,-0.9601380116363426
1.4129243415619168,-1.2139029201802036,5.871618251428722
0.7734925136631517,0.7396351252889453,0.8989682499558135
-0.18287513205791195,-1.3702491444478533,1.0566113373191444
-1.015011934620875,-0.5736508193489549,-2.6194562773696157
0.9397828817919124,-1.3285783286021375,1.7021085878242954
0.7846020106523025,0.4160379026444758,0.9005281323156015
0.49765676269776726,0.5213110854723049,-0.15142133265836205
0.5371173083135563,-1.1860390289335219,-0.21784167735027282
0.11701764344668569,-0.20939812896739093,-0.3191580271433547
-0.5220590597335403,0.3403610886897124,0.06786911710226978
-0.492595766704849,-0.10351215215932008,-0.6574907468815885
-1.4168577915095668,0.9630843316533639,-4.939461507329014
-0.8204904148524563,-1.2834415836645687,-1.1981416062417647
-0.8116728262936743,1.0946244856711673,-1.4864801725893642
1.4156936025872722,-1.5287397739852802,8.33402861859001
0.08467229003204402,-1.0560687321734858,-0.05864830076378392
-1.130421653735512,-0.5238853426324426,-3.008595138417136
0.5000609258479685,-1.4842793264169722,2.5644511877452927
-1.0690980227950924,1.0761737297607614,-1.7538839480367185
-0.26361826350705403,-1.22112293382826,-0.09875527142629359
-0.7205598375837856,1.2369841989499815,-1.6541509369713634
-0.6927335468824666,0.5591569515176893,-0.7661558315934549
0.6661041722964325,-1.0394221828607884,0.9156128080555698
1.4010446559199452,0.22952976760344124,5.606020846704293
-0.8137608224160608,-0.8616118231449058,-1.0676869768823178
0.17747747244084452,0.9665913183543176,-1.1268143036393024
-1.560631405156471,-0.14618252210641103,-8.00905996713563
-0.829033227474201,0.805698269538501,-0.8334341934836879
0.4893508050047949,1.4571181702009952,-4.499520207143101
-0.3523536996076512,0.09831453139274907,-0.3013552245213392
-0.7387823976870216,-0.5732797629850002,-1.161392056573712
-1.167744664903923,0.6193295026775026,-2.54672125173822
-1.1609239750700404,0.4913274422196587,-2.538476676559756
-0.9058684070214774,-1.2953998773216828,-1.8402458706754128
0.866474283729184,0.129525414946416,0.8794601731233798
-0.17229991816310175,-0.38073207649125607,-0.3015206910087766
1.2000158151507474,1.1236212058310593,1.6369476796843778
-0.9068084346110634,0.6044846478495111,-1.4110053706365162
1.3563983983952204,1.098633234438333,3.8846349292712263
-1.1073165357515955,-0.24703893585026082,-2.4607890653037714
-0.9714090697133657,-0.6069642467196967,-1.7300301333919808
-0.04390203945413802,-0.07057094163254085,0.32494034495769164
-0.4345855431294272,-0.5937920633463588,-0.7695870639966522
-0.0037857326992472907,0.10051533121464865,0.1985078595792381
-0.2910875774536649,-1.322523252341763,0.1687858389919637
-1.585599600193091,0.04681389477231939,-8.870486072603214
0.6769857331096891,-1.118547163016083,0.1362616580809154
-0.4867175175789047,-1.3101470126865942,-0.7497571201307633
0.6464069795531885,0.47343514304387213,0.07031219443878317
0.7907547925997154,-1.1815941971957806,1.1190568398014262
0.5051625121296891,-0.2604534374707857,0.25948956322243105
-0.8426804384077404,0.7872456967790286,-0.9644928931586984
-0.4732144834382922,-0.6800863406450465,-0.42284086748770594
0.833349392590776,-0.08782085332205725,0.5502756038872728
0.276624553647347,-0.02147207727786693,0.07100902473758874
-0.2043634475228629,-0.5611402652469323,-0.03956058892830744
1.3198361481460539,0.11910042782188804,4.7354537386058055
-0.32103636747636205,0.5933687064352455,0.08277519777975867
-0.3322671998104035,0.568386443519341,-0.9360694619061947
0.6565292116042724,0.8983328992702972,-0.5478515098728225
1.0130200429565133,-1.2631101444668003,2.4146111989932697
1.0627842409023553,1.0279385171131055,1.0234808929569286
1.2172169604086152,0.11584132195640073,3.5556497589370495
-0.0834152395581505,1.5572119899623365,-5.709532245152773
0.32498704785925026,-0.04418535800871837,-0.7735259776159915
-0.36006918710344177,-0.6773500674232189,0.10969308267709799
0.5864267445082014,-0.8695907985170543,0.004426699556189566
1.3689453765512973,0.8707468771340179,4.490715968990493
-1.2804400730856658,-0.9459284253394267,-5.153488452222891
-0.6351613147267952,0.4169042979804431,-0.5032347435874988
0.14255488653228668,-0.032562380504119304,-0.10204764480707995
-1.1512029152044456,0.1729156593249581,-1.7857989128311234
0.0917041219465311,0.3263902832880945,-0.42937261459303944
-1.4487989156592478,0.8392043145712371,-5.824362580286287
1.4669733788831119,1.5854863122676388,0.008871705587357559
1.263001237977008,-0.7277232082691466,3.078787426896999
1.5508785075764597,-0.4430845483545621,7.409884156979178
-0.6518411825488478,-1.056640083927336,-1.2151089150767924
0.8920028926905428,0.694048605308786,0.9859592299333149
0.4741879349348299,0.9016225522366246,-0.13480314615434075
-1.4644782349434653,1.2292662763738151,-6.42528072529356
-1.2986324867595216,1.521991525237619,-6.416131340276594
1.5181347939483094,-1.341647103991235,8.103577545440325
1.5922561192413351,0.6428192323861073,8.990548970636377
0.773166824740849,-0.09997024955535211,1.0625234945702324
-1.5204496275639798,0.176633735445839,-7.890545925735218
1.0691868544067462,0.5802543126070117,1.9838037660611014
0.7672640850116811,-1.3599446164750646,1.2056840384482446
-0.7573846967792464,-0.2605606676433464,-0.6738206508247695
0.890827190636038,-0.9771561348737038,0.6569548539837187
0.21678591710000888,-1.3787521759767634,1.465382169734417
0.4842719959681485,-1.252265693426341,0.7594734388415648
-0.5928012205939809,0.20510443855111335,-0.28026873648113004
1.431977744143312,-0.5929041681108373,5.590042978689694
1.075984565896324,-1.541886259474035,4.736362815084282
-0.9817333681755823,-1.2694928668574414,-2.304815512954267
-0.6677457486129097,0.09405233288411985,-0.3804408653733474
1.4272782513859044,-0.6357035759529026,5.544184996309575
0.7962264949345755,0.9644461882967136,-0.3710346009348636
0.5699009948154504,1.1072241961853082,-1.4318992209888017
-0.030054670362009973,0.09518613178399349,0.8594983385454867
0.6568717103284851,-1.385101831248087,1.3340410083254661
1.5539875248384256,1.5521494295067872,2.11965940324427
0.8473713683431499,1.205474551246782,-1.1998955690600681
-0.6888957365186062,-1.1084371353854123,-1.1686869995274296
-0.635774855479631,0.8646179633211365,-0.6942896660156795
-1.269110503287835,0.2804626309686786,-3.19105744923496
1.0457276221559824,1.3680155508001588,-1.0093892067581518
0.7437232095801207,-0.19171616151242044,0.5579658696491107
0.38118107656631683,-1.0792208444641358,0.9954584307714268
-0.9104155461993586,0.7846522968992347,-1.2549570814143018
1.0967423001807106,-0.17155362514012965,2.1047237830441072
1.1737646024381647,-1.234866972212361,2.7470315398960996
1.5359313276485065,1.2272954765558641,6.373717203049182
-1.2525576283665807,0.5511682977273974,-3.4974385610531815
1.1236195192381921,-1.1033184241885092,2.9725614897450585
-0.6338323473840269,1.3390140656497735,-3.3070170844524096
1.2624367927000995,0.46813044233138934,3.8544045509835168
0.8540018179430323,0.9804759321468115,-0.03557053264481892
-0.22055565555859752,-1.4851235647764516,1.9053385309394775
0.3046059268013629,1.571982810048089,-5.799790414690133
0.5119863001636841,-0.63206310035863,-0.27135363795796674
-0.5416456254244267,1.3772307762852816,-2.409082916243755
1.1208777562679095,-0.5101094541071224,1.7531189406076455
0.14616222105935286,0.13918590425555416,-0.20733841723319876
1.5417790321361136,0.38514467090574095,9.273050065926256
1.2002694369730635,1.521906066650879,-1.9506899575717895
-0.0719812043912551,0.8365842021888246,-1.01077946343689
-0.9375342671206017,-0.6333709798923568,-1.5048541348452595
0.9628293634723093,0.29978241429233315,2.1040496708483536
0.757458203143105,1.2364892375158647,-1.9570740578000074
-0.6500208463762743,-1.4059816249939037,-0.7288116937320069
-1.4069413805624906,1.0310833475001822,-5.663825688805614
0.9987934757985895,0.018439407176771994,1.875883949229207
-1.530139546733403,0.04842680590780475,-8.255366406098709
1.483455719110892,1.1380547894476913,6.089777854421343
0.9432017869362298,1.0806939461985317,-0.03612749354166858
-0.7592652914725329,1.5552951778451956,-5.117185430955682
-0.7668846610711999,-0.5680305889032645,-1.2275104161418424
1.2480622627766256,0.3002577536910323,3.5573108246502687
-1.2185039161672173,-1.170897248407151,-4.655041172948099
0.4853422973919809,1.1885090775718847,-2.195101049742239
-0.6369641863009928,-0.03653105487509336,-0.8727380360299375
-0.14573622304429498,0.33095825386662875,0.12008468200173014
0.49879315514508993,-0.7199006699831909,-0.18780252004210118
-1.073254983737542,-1.4562860179445474,-2.373708217675723
-1.4711880321922441,-0.16117539704742223,-7.210586247397993
1.5992490781259006,-0.14287321138084083,8.935197150131797
1.1308898344581315,-0.8513936452309097,1.324012275026028
-0.411061733099643,-0.9957234544779553,-0.3581225136152353
0.8170565529431824,-0.21190711256770245,0.5506831279496129
-0.8884226307302058,-0.18891957824628244,-1.067541439746376
-0.45054592874323945,-1.565008892445876,2.2353107349811556
1.3978020817080936,-0.8288941599818088,5.578820045279035
0.9740538494306478,0.1047112834103686,1.7889585484011816
-0.5851555429673109,1.449278064223184,-3.800137669858728
0.028589285604333627,1.3026762461104273,-2.626987962661485
-0.445406203463951,-1.0356621554630359,-0.5636734820351836
-0.9413766623583758,1.5223552780469138,-4.5059455343132475
-1.2156459836755702,-1.3718254906084948,-4.726615698121269
-0.33597683187021943,0.5842611142695052,-0.37009931720033373
0.6807990200361591,-0.1683431942652497,0.7650407602422831
-1.1322456185833656,1.0389254094602922,-1.9678691297579314
-1.4134312265949889,-0.6995715455296111,-6.591904359235683
-0.5307838703950534,-1.0464177753869,-0.8516877442437877
-0.6894691996421592,1.2703897560735848,-1.9275654894487517
-0.4455722031415885,-1.4231346895960717,0.5091982094848225
-0.15815531647717906,-1.021169822969311,-1.2548966492784213
-0.4734378424344378,0.4423153693642782,0.12001147517595562
-0.3279199214240226,0.2712086489757972,-0.07018687984007392
0.4230480003675595,-0.5308439457319821,-0.1321211349703662
-1.1198733496057276,-0.9510705516506918,-3.2972112354467975
1.2342565467467612,-0.9090406706199489,3.544397576644335
-0.9704250215979798,-0.39294085477438756,-2.023846945855749
0.7990584033428377,-0.7756396282174833,-0.055673030583249294
-1.2193494056313239,1.3339149044134264,-4.096133308567352
1.4822759153580147,0.9024165463621672,7.173337723700382
-1.4063089573550844,0.634207121951723,-5.100120905715023
0.7492683064349379,-0.9112200058267206,-0.23047521053403558
-0.9211282959254355,-0.09663715784055071,-1.4299351056453344
1.0710645258461948,-1.101575452881346,2.0194020769145156
-0.13264613824463645,-0.1845947933827418,0.1159061382780193
0.8699178983332967,-0.389382354483886,1.7293693669043892
1.5386276657057096,-1.3771499629075372,8.821123209192914
0.5301911555409181,0.4804000497881504,0.027230764986324346
1.598150109517401,0.052670088434051014,10.14487650850605
-0.7902888002250127,0.8825314765986896,-1.3152022149532179
1.5840301354361932,-1.3480214723746653,10.126336144880277
-1.5965841119272088,-0.9207131557096226,-11.667961154021924
0.7634572366636245,-0.585109852384068,0.517873762648034
0.896964780510055,-0.06601739480147088,1.2342964666965366
0.31802493286669925,1.1985985306798863,-1.8019253410586202
-1.178384534745384,-1.1978756708206848,-3.873481296120321
0.18946291438532337,-0.627359686199641,-0.33499606811238297
-1.162171910305196,0.23959017479370745,-2.5331935575076967
-0.7339771127332466,1.231516990420354,-1.875619947737252
1.5248866125284661,-1.0032534567812357,6.385977010561495
-1.555912463059039,-0.8054584067670633,-10.736885800637792
1.2599780118920707,-0.23689291259888245,3.4809340953951278
0.05019980327031064,-0.0589069145406608,0.5744941682265605
0.4235361624521641,1.373320423267424,-4.048439532813062
1.3043356524495437,0.9687059369227701,3.864829469339214
-1.005548368412521,0.07043936437283947,-1.822943153113441
-0.7056404045753933,1.1375211629372213,-1.6133224831788895
-0.2583283587174236,0.04666576603369883,0.19060810776344922
0.8733996420329089,1.1375729337298743,-0.19641380064437447
-0.32477880488252037,1.569243063553544,-5.5740595512704
-0.2076894079902786,1.5756018049786786,-5.375822593797528
-1.3064927813625662,-1.0126936675829794,-6.068145015524286
1.1191366124839266,1.5962515550553757,-5.285103898135158
-1.1902316462470819,-0.5725259954820644,-3.0742361282157726
0.09872126172100622,-0.8050995076299152,-0.2702344270876362
-1.2228995171013406,-0.8373167060414076,-4.39069975975395
-0.836630973992357,1.1181082973538334,-1.1126100651588986
-1.5871756648533137,-1.546944633927818,-11.12825009356743
0.7139641668652357,-0.35489052312934394,0.29611947864674293
0.9929681768750925,-0.39091953858296336,0.970320843973393
-0.6069290434429618,-1.1396098144923437,-1.1878132142001991
1.5392153963320732,-1.4644924352041446,9.131585023584112
-0.6776696144387032,0.7480111918013318,-1.0277209297689411
-0.9967032516026872,0.9447432274646705,-1.379026347305223
0.0974117747298525,0.2992498958150151,0.1363068030492201
-0.20378668897835794,0.8787964201351355,-0.8381732306707137
-1.0644320011386263,0.405245496631941,-1.9018751695367366
-1.2428788216024746,-0.3695859904322301,-3.8307401037659563
1.2895652908996376,-1.4556328137303087,5.8150882292673245
0.7159849286138809,-1.3875255070615216,1.843477088520936
0.934318160452397,0.9082371500022834,1.0299542156102879
1.2675906637556171,-1.2787339339206103,4.417379336813748
1.09489489765399,1.4188235240891292,-2.105329302723886
0.6968327552116591,1.4438229120122916,-3.7511127564528746
-1.3064842270111787,0.5359677540696254,-4.528242944732362
-0.8738900830371709,0.5434047829840332,-0.7132567398402179
0.5230504231330777,-1.2420966323818332,0.6055322674468713
-0.45541557911688246,-0.06910423652263056,0.06232088214884726
1.4321139189311756,-0.4277264366190838,6.57996716511769
-1.4668346436419442,-0.019229378417539425,-7.243259591740365
1.408060834584047,1.2415642515378558,4.261164620487813
-0.37337656711228856,0.7349942677676093,-0.2625871330644386
-1.4383369716095835,0.30261634845076596,-6.102690941112734
-0.22413744031984706,-0.2159501016244285,-0.3145529765996451
-0.7863568519866967,1.340139778888579,-3.08529700430136
0.7018001078106355,1.2402274831617388,-1.9575587351053174
0.2695291521958982,0.7524141680628269,-0.4030015251459467
0.32771280989263263,1.1419532541330255,-1.535062173199572
-0.8633152291363815,-1.4802798202362248,-0.3923277923068004
0.2593956470412639,-0.49001662548852143,-0.33045166451222685
-0.43184880996877306,-1.1201872706110059,-0.6367055241736926
1.5955504480381308,-0.9837093656610887,8.257696620985604
-0.5744282826303483,1.5236108502134649,-4.307476335785919
1.3781903633427857,0.3591072275006479,5.407082771846786
0.9209371220443927,-0.37509387910318176,0.8692759391867733
1.2924934041455325,0.1583795609601861,4.318049845573901
-1.501382929382594,-0.20250435445644044,-7.298361580361719
0.37971395819621634,1.3653455618601023,-2.852964544183792
-1.3921703065281805,-1.4242080345674584,-6.799199184886811
0.6706505123219864,-1.0459908914479896,0.08373313151456097
1.0513501594841146,0.673704869576569,2.065537807816355
0.9054724160834717,0.2237882196528844,0.979043749230272
1.178356608905279,-0.41737085965837545,2.4901532639017785
-1.2170478212323381,-0.432258044549592,-3.89524856356307
-0.8557761903076042,-0.42396220763159037,-0.7239159151727259
1.3973430139684053,-0.9987085470832746,5.031828257707071
-0.34722566550187717,-0.5463601292871374,0.4886251219710944
-1.1811509412784158,-0.19577055423376422,-2.8476084234029146
0.8048625928940588,0.024566391877689144,1.2701728282286013
-0.16204319313987625,-0.7288270020954912,-0.5723785334881337
-0.9114295211881007,0.2744682404951117,-1.6685345269423906
-0.8185439975491576,1.3205498728177156,-2.970119164984801
0.6585504116143621,-0.6343524265698215,-0.005096110848267499
-0.5997761631085314,-1.4369264557603647,0.1917143271833011
-0.5444441205350871,-1.1375225956286499,-1.229082572096177
-0.4693193757809031,0.9198843988208072,-1.082503419696208
1.3561066114981768,-0.19843327065480773,4.4351653219390235
0.35355221549372334,-0.9427510474482986,-0.27545504766629547
0.499934873936002,-1.4906258850295675,2.6341859118961812
0.7459983185905451,-0.4192366294388961,0.3534782608523891
-0.3146827711699956,-0.7421276645742367,0.6173673736325108
1.5962548394677076,0.3632527511354628,9.934234806517075
-0.6297533547693068,-0.19261106406250655,-0.12229721886062539
0.43052884784575096,-0.5014641203874952,-0.019210206863374983
1.337151989202349,1.5493928478335992,-1.5368823143504207
-0.9744133523309206,-0.2878438818720184,-1.8903515585085673
1.1487451537846842,1.32026478125418,-0.1976443720617338
1.193148668077372,-0.9846378270875743,2.6190396815047325
0.20053764426218593,-1.5150962009405622,2.2763232406390883
-1.5530149006077736,1.0469549584661966,-8.211451015971774
1.577870662177621,0.27084426922932964,9.417814663874037
-0.7060646009800667,-0.9825864432208573,-1.9572376475650115
1.1716627402592643,0.2858597316079234,3.4110776669328953
-0.3376591425959859,0.7609521795403933,-1.4722070110578422
-0.16045024017879614,-0.8151712863257292,-0.11774512537176579
-0.683372073977424,1.359386973798487,-2.9340891713889024
-0.31566221582915865,1.26603162042783,-2.1960987813179624
0.7307998903885089,-0.1880872048622141,0.4131131605130229
-0.8555496257074122,0.09846268991697116,-1.0885984436659284
0.7832669690136133,1.025619020347533,-0.9308710946231373
0.2909295727405336,-1.527027612704968,2.3909645011718887
-0.10437887502306716,0.9112430376069999,-0.5851969412938713
1.285253931412603,1.5506195464024133,-1.4405215066817822
0.4885975515816167,1.5745344176897758,-6.090043919935037
0.42955018869353057,-0.22711641165627938,0.10118948970960646
-1.5848275426820035,1.1307822698955736,-8.602832330863105
-0.7051637468719033,-1.4974605139898332,-0.17981662777629445
-1.5429222912736393,-1.2507392103496482,-10.312708454299084
0.013501937720859659,0.10183633848938954,0.32718145496177164
-1.0870015200567742,1.1261861049433557,-2.7515868534729866
-1.4759957391090257,0.491937512246146,-6.195241650508792
-0.20111385960854167,1.06457022738508,-1.6876920240950828
-0.5151243970565552,0.6520886225287186,-0.7853823816394596
-0.25477833118311327,1.469469673102643,-4.361742351488847
0.4861792818559174,1.1759700216074396,-1.8074777931649928
-0.899658851857177,1.0113792536090596,-1.8396052701709862
1.099439845112809,1.2884900605683747,-1.267528575362856
0.2279444855768727,-0.2679602377497847,0.28340744418145725
0.4902140320730197,0.5531308629916591,0.1279329339849808
-0.44219964622915064,-1.3195202581884768,-0.23073687700406337
-1.38701165774343,0.30218772402064575,-5.159204862459619
-0.46347236161961014,-0.15215924852877444,-0.20356469408062203
-1.2896707561424663,1.106550264966856,-4.2333675901304
0.26911350052075383,0.479509124975424,-0.38559811037961
-0.40620611981423027,0.2082493140182578,-0.12962244862390088
-0.10137428897814083,1.4790399633110465,-4.372417424353903
