id,x1,x2,x3,x4,etiqueta
train_0001,2.16279541,-0.15620382,1.52249089,1.65824076,0
train_0002,-0.33252016,-1.51252489,-0.74678853,2.48168432,0
train_0003,-0.67816516,-1.48254252,1.32306735,0.53641452,0
train_0004,-0.81252663,-0.39666178,0.80564212,-2.38488356,0
train_0005,1.11282146,0.39086547,1.85731970,-0.78875571,0
train_0006,-0.85655470,1.90412707,1.44050521,0.88793538,0
train_0007,-1.64834898,-0.63973431,-0.30206628,1.31444933,0
train_0008,-1.57711791,1.50301207,1.67408804,1.89669274,0
train_0009,-1.30573622,-1.21531243,1.38645484,1.79280184,0
train_0010,-1.47446448,1.32280710,-2.49155307,2.21472376,0
train_0011,-2.45185030,-1.18520910,2.03686553,-2.34874399,0
train_0012,-2.49821307,0.66322044,-2.46049594,-0.55338346,1
train_0013,-0.88358646,0.91351560,-0.06673720,-1.64364405,0
train_0014,-0.64059191,0.14550446,-1.62485776,-0.89009585,0
train_0015,-1.09622705,-0.78107207,-2.11398042,0.06056275,1
train_0016,-0.25925568,0.25417709,2.26587892,-0.28030647,0
train_0017,-0.94922447,0.27434703,1.37110082,2.41378585,0
train_0018,-0.69472817,-1.80115091,2.30722545,-1.66950606,0
train_0019,-1.10217774,1.30546599,-1.32263718,1.18058746,0
train_0020,-2.42001610,0.90776990,1.97611803,-1.12057565,0
train_0021,-0.55760692,0.02433288,1.88075451,1.23888381,0
train_0022,-2.36650664,0.29177474,-2.03566915,0.83529703,0
train_0023,-1.16030112,2.35272013,1.85048423,-2.39359342,0
train_0024,-1.54974770,-1.74153417,-0.49195136,2.34023173,0
train_0025,-0.89430305,0.22997824,-1.68348309,-2.32397946,0
train_0026,1.76117924,-2.04981800,-1.56669378,2.39146284,1
train_0027,1.63784087,1.66183862,-0.80118350,1.97130806,1
train_0028,-1.98784724,0.30179279,1.28698380,1.31959978,0
train_0029,1.71330120,-1.38238474,-0.11461516,0.64559081,1
train_0030,-1.96932529,-0.18146652,1.22210138,0.13231640,0
train_0031,-0.38799403,-1.61313356,1.64070487,0.29221800,0
train_0032,-1.53332057,1.36544685,2.44154224,1.40729969,0
train_0033,1.09356821,2.01489111,-1.60428492,0.91565239,1
train_0034,-2.10983531,-0.42849395,-0.02475064,2.31958206,0
train_0035,-1.85310783,-1.92476316,-0.40492012,1.27013349,0
train_0036,-2.33320377,1.29108820,1.26594732,-1.01719543,0
train_0037,1.53557620,1.32430834,-1.44530632,-1.24305657,1
train_0038,-1.13034248,0.27379409,-1.58202581,1.47810840,0
train_0039,2.15576170,1.70849399,-1.76277030,-1.60016826,1
train_0040,-2.43740756,0.50121109,2.16727277,0.20864760,0
train_0041,1.92930468,-2.49318797,-1.16568780,0.44779762,1
train_0042,1.34208667,2.33912241,-0.62550687,1.21117900,1
train_0043,1.39852679,-0.39124836,-0.86162481,-2.23618900,0
train_0044,-0.95213532,-1.79198963,1.61349428,0.95844519,0
train_0045,2.41764410,-1.30452448,1.75149237,-1.19104943,0
train_0046,0.65328406,0.39423014,-1.68765374,-2.23741565,0
train_0047,-0.46630968,-1.41047154,0.51089793,-1.09363070,0
train_0048,0.27587146,-1.66928878,-1.42338939,1.16288053,1
train_0049,-1.45526286,2.36262394,0.91104183,1.15108116,0
train_0050,-2.37091909,-0.69740484,-0.44619774,-2.29475983,1
train_0051,-1.23345473,-1.08413166,1.00964480,0.57585438,0
train_0052,-0.61579945,0.73899713,2.29368300,-0.74633575,0
train_0053,-1.82706780,-0.01052779,0.96102722,-1.45192526,0
train_0054,-0.10616564,-1.75105383,2.12084031,0.83395557,0
train_0055,-2.42778050,-2.34774525,-1.65305949,-0.89197694,1
train_0056,-0.50213560,0.36251903,0.34676158,-0.84925448,0
train_0057,-0.24868406,1.48538162,-1.84535861,-0.88045448,1
train_0058,-1.76796608,0.39314428,-1.01030093,0.64612008,0
train_0059,0.33323459,-0.28083842,-0.66853793,-2.37724780,0
train_0060,2.31018679,-1.21109626,1.79002977,1.57943887,0
train_0061,0.12066954,-2.22048976,1.65913345,-0.51830906,1
train_0062,1.49194601,0.41049389,2.15231060,-2.18078926,0
train_0063,2.03576870,0.39491156,-0.17067018,0.18176131,0
train_0064,-1.43752957,-0.40733568,2.27328541,1.49191875,0
train_0065,0.27987297,1.88740943,2.48632820,2.38349212,0
train_0066,0.00462479,1.43456423,1.30729977,0.69039867,0
train_0067,2.14568426,1.13555966,-0.77554324,2.49866221,1
train_0068,-0.53432760,0.77096579,0.91851723,-0.11141784,0
train_0069,-1.96633971,1.81311771,1.36074472,1.00474222,0
train_0070,-1.47920489,-1.99911385,2.12062858,0.36074018,0
train_0071,1.56097971,0.60904420,1.09689243,-1.76892131,0
train_0072,-1.94413175,0.14899231,1.99906955,-1.45149112,0
train_0073,-1.83222461,-1.17423382,2.19511549,-0.73628337,0
train_0074,1.87699671,0.23227531,1.86518503,-1.36478356,0
train_0075,-1.33389378,-1.26483554,-2.14890490,-2.49403161,1
train_0076,-0.98823799,-0.91857277,2.38780652,-1.04181980,0
train_0077,0.81879841,-0.84117596,1.97194183,-0.17439644,0
train_0078,0.95150500,-2.47626164,-1.30294205,1.99814352,1
train_0079,-1.57512491,1.18043284,-1.07002105,0.25403784,1
train_0080,0.46247409,-0.17220197,2.39917388,1.63581193,0
train_0081,-0.49229075,-1.87882207,1.81219623,-0.65116698,0
train_0082,-0.61975579,-1.35995253,-1.61015321,-2.07616459,1
train_0083,-2.10608404,1.44480245,0.83271501,1.58704050,0
train_0084,-2.41383403,0.82218470,-0.31597598,2.10725302,0
train_0085,-1.04559962,0.84795493,-0.52473783,0.18355251,0
train_0086,-1.48537297,-1.31838151,2.42766883,-0.57733545,0
train_0087,2.08351905,0.48441585,0.73533813,1.78322425,1
train_0088,1.01765469,-1.35881081,-0.77894896,-2.21307269,0
train_0089,1.15831361,1.30971219,1.54917868,-1.90388386,0
train_0090,-1.52728688,2.38647149,0.58365023,-2.27506630,1
train_0091,0.21825519,-2.19344089,-1.10030441,-0.86666483,1
train_0092,1.36908864,0.10499475,-1.67497467,-2.17692034,0
train_0093,-0.36502287,-0.17777985,-2.35797565,0.86172844,1
train_0094,1.41388158,-0.71548973,-1.57988838,1.32095225,1
train_0095,0.90495666,-0.05562823,2.00099742,1.91400163,0
train_0096,-1.64315676,-1.20429523,1.88119773,-0.24857395,0
train_0097,-2.12528159,1.81921364,-0.21180842,1.66490837,0
train_0098,-0.09546248,-1.38867540,2.46872699,0.17907918,0
train_0099,-2.49967676,0.90482163,1.25622885,-0.79655291,0
train_0100,1.63451928,0.61072035,0.43843599,-1.32963059,0
train_0101,-1.69575607,-0.59856700,-2.14058522,1.30387188,0
train_0102,-1.64396050,-1.32959954,1.31264022,1.62846279,0
train_0103,0.15413998,1.33803016,-0.32515817,1.40141279,1
train_0104,0.42991743,-1.09600057,-1.27625697,-1.69523983,1
train_0105,-1.80857670,0.88734429,2.03912419,1.29203920,0
train_0106,-0.16213846,1.59887213,-1.18630107,-2.27793743,1
train_0107,1.20794963,-0.99643552,2.41870297,1.37733317,0
train_0108,-0.28239782,0.58369987,1.98237272,0.98867650,0
train_0109,1.13125743,2.05490460,2.01868990,-1.56729640,0
train_0110,0.50662556,1.15191605,0.73609995,-1.33954429,0
train_0111,0.35863050,-1.45065063,0.13697106,-1.74384545,0
train_0112,-0.04633369,0.56101028,1.02048544,1.81932854,0
train_0113,-2.29550841,-1.61694930,2.42671917,1.32997298,0
train_0114,0.91234532,1.46033949,2.27549987,1.90577959,0
train_0115,1.49942296,-0.26690403,-0.54689537,-0.81239283,1
train_0116,-0.89058177,1.92885030,-0.85890221,2.22901584,0
train_0117,1.26479440,2.48490511,2.03276306,-1.10405374,1
train_0118,1.84443691,1.76888489,1.01997916,-0.06094755,1
train_0119,-0.48524519,0.32094588,-0.90092288,0.33918802,0
train_0120,-0.97970950,-1.03186982,-0.41875468,0.13912105,0
train_0121,-0.33224212,-0.70700782,1.03241885,-1.19562364,0
train_0122,2.18134681,-0.12424104,0.33184605,1.36135056,1
train_0123,0.16160494,1.80153086,-0.35777315,-2.30285838,1
train_0124,-1.26720445,0.79666423,-0.72158440,0.06246998,0
train_0125,-1.49981742,-1.18805446,-1.75615841,-1.04138506,1
train_0126,-2.17326657,0.32900906,-1.28768354,1.36042825,0
train_0127,-1.31127001,0.43556859,1.28376409,0.92625340,0
train_0128,1.07938682,-1.69813813,2.19360026,-0.09182371,0
train_0129,1.40211963,-0.56891965,-0.85605860,-1.27351647,0
train_0130,-0.46856322,-0.79231951,1.95193248,-0.25396588,0
train_0131,0.28506430,1.49727602,1.68823957,-1.62860430,0
train_0132,0.83446847,0.37676453,-1.76199302,0.73529653,1
train_0133,-1.12250912,-1.23954069,2.32243912,-0.43668349,0
train_0134,-1.59120266,-2.00666959,0.88633822,-2.19487605,1
train_0135,-1.73169950,-0.40963740,1.19381217,2.13365624,0
train_0136,-2.38570249,1.28615177,-2.03924805,1.17678052,0
train_0137,-1.50544190,0.51057619,0.98816091,0.79845714,0
train_0138,0.53852937,0.41856542,-0.05817180,2.12706586,0
train_0139,-1.63779488,0.81075397,-2.09989275,1.26704473,0
train_0140,-1.75119388,-0.90297579,0.95330615,1.42708073,0
train_0141,-1.01608628,0.89063921,0.01800578,0.47500144,0
train_0142,-0.61348375,0.57221700,0.97536031,2.09796246,0
train_0143,-0.04563711,-0.51040579,-1.18259070,2.12415044,0
train_0144,-1.72200165,2.27126061,1.30459929,2.07079815,0
train_0145,0.10591781,1.01219148,-1.00514078,-2.33527864,0
train_0146,2.17032346,-0.97253800,-0.20158582,-2.21432563,0
train_0147,-1.52956996,1.60382840,-1.33571678,-1.53452479,1
train_0148,-0.93706361,-0.84724405,2.21410470,2.34691075,0
train_0149,-2.05844137,1.15675431,0.40095898,-0.06264745,0
train_0150,-0.73712156,1.54318723,1.43733598,-0.63990024,0
train_0151,-2.09270008,-0.60694744,1.04312553,-2.17001768,0
train_0152,-1.18032309,-0.28536360,1.74505902,2.02626735,0
train_0153,1.67362459,-0.46276118,1.71166316,-2.23432261,0
train_0154,-2.12821922,-1.55817334,0.71130104,2.21232264,0
train_0155,-0.61827777,-0.90193441,2.17845335,-2.16621370,0
train_0156,-1.16875567,-0.11301430,1.62264985,0.58403648,0
train_0157,1.19455025,0.14117570,0.64299306,1.00262230,0
train_0158,-1.07202208,0.09853503,-1.27607263,-1.50320876,0
train_0159,-1.23789519,-1.74691798,0.19607039,-2.44723885,1
train_0160,-2.35869757,-0.29799552,-1.31015891,2.05031227,0
train_0161,1.57113531,0.40398120,2.43374337,1.40280366,0
train_0162,1.58189924,0.09205521,0.25325389,-0.67028253,0
train_0163,-1.68245115,0.98900007,-0.27110330,-2.45942646,0
train_0164,-2.08670304,-2.31679626,1.77837830,-0.48906460,1
train_0165,-1.03330182,2.32728109,1.93737764,-1.24936294,1
train_0166,-0.68779300,0.20503789,2.36272716,1.13694410,0
train_0167,-0.78576104,1.78401412,2.36184117,1.23484884,0
train_0168,-0.00181742,1.83659083,0.92215166,2.09114453,0
train_0169,-2.08411675,-0.81853847,-0.93127854,0.23886263,0
train_0170,1.06503587,0.83806178,-0.79687869,-0.15815506,1
train_0171,1.65345331,-2.08556260,0.01537436,-1.32971521,1
train_0172,-2.13527253,1.57765402,-2.30873936,0.56445536,1
train_0173,0.51357875,1.79447645,0.23274352,-1.61973678,1
train_0174,2.16700683,1.81007834,0.74187202,-1.98218004,0
train_0175,2.45956691,-1.07732165,2.39989291,0.08987124,0
train_0176,-0.01189212,-1.12863839,0.38311305,-0.37102393,0
train_0177,-2.04651714,-0.06736011,1.50121027,-0.28278319,0
train_0178,0.53493423,-0.50048550,-1.68464534,1.11513160,1
train_0179,-2.23761918,1.10473005,1.79692719,0.40667787,0
train_0180,-1.05839647,-0.66323180,1.66606117,-0.51844848,0
train_0181,-0.47682915,-0.63288111,0.97252289,2.38020432,0
train_0182,-1.80558385,1.37910589,0.66078303,0.06242206,0
train_0183,0.08492868,-0.34735051,-0.31939908,-0.71272702,0
train_0184,-0.93510646,1.83602145,1.75247764,0.37285671,0
train_0185,2.48993743,0.78799099,-1.30175267,-1.31137552,0
train_0186,-0.36693248,-0.23353304,1.85523977,-2.41864845,0
train_0187,1.63610063,0.32146078,-0.30814452,-0.00755891,1
train_0188,-1.46392814,2.32077963,-1.46240151,-2.37804198,1
train_0189,2.00436737,0.19634743,-0.36524914,-2.17920083,0
train_0190,-1.34219211,0.60742617,0.57023048,0.33360865,0
train_0191,-0.05436589,-0.66078366,0.00477131,-0.17651406,1
train_0192,0.07349601,-0.48007629,2.07621635,1.06150346,0
train_0193,-1.58255400,1.19850218,1.65400228,-0.06811082,0
train_0194,-0.54266670,1.17174933,0.53792996,1.69797589,0
train_0195,2.12221519,-2.03921730,2.27035809,-1.17895160,0
train_0196,2.26868919,0.46161360,1.17247918,1.95045206,0
train_0197,2.10888196,0.42533246,2.25044231,1.83532718,0
train_0198,-1.99308708,-0.80383270,-1.14192951,0.60737391,0
train_0199,-1.18821798,2.15120718,-2.02978626,2.24247408,1
train_0200,1.18009108,0.69194487,1.73434019,-0.74814169,0
train_0201,1.89613151,-0.76643175,1.81316309,2.22012558,0
train_0202,-0.03042107,0.14856337,1.56878030,2.11039443,0
train_0203,1.10171843,-0.32888164,1.68575537,0.48655900,0
train_0204,-0.11193640,1.37655346,1.21057201,-1.00817706,0
train_0205,2.44474611,-1.28363339,-2.42706780,0.30588657,1
train_0206,-2.28362133,1.49915076,1.76758800,-1.16733604,0
train_0207,-2.38574700,-1.27907640,-1.59187459,2.26711563,0
train_0208,-2.42792884,-1.32011619,-0.31853090,2.00936971,0
train_0209,-2.47888076,2.02534829,2.08979586,0.77941703,0
train_0210,1.99092238,0.77468520,2.36954206,-0.22248165,0
train_0211,1.96683059,1.80214599,-2.34267718,-1.33920080,1
train_0212,-1.24302920,1.10265633,1.78368194,-1.64513176,0
train_0213,1.46254125,-0.02185201,0.61433763,1.51939233,0
train_0214,-1.78179924,-0.16554270,1.48926450,-0.23900312,0
train_0215,0.65949028,-0.96717919,2.38090009,1.26025921,0
train_0216,-0.65520733,0.04244594,-1.26967110,1.80363415,0
train_0217,-1.66386834,0.06566584,-2.47760184,1.01750741,0
train_0218,0.86626316,-1.51410885,1.82341193,-1.90543874,0
train_0219,-0.88122293,-1.82213662,1.42265405,-0.66184419,0
train_0220,1.91358208,0.59112647,-0.77444657,-1.28336808,0
train_0221,-1.77778423,-1.08202174,-2.44481323,1.73377397,0
train_0222,2.26276487,1.18586467,-0.22735327,-2.25999882,0
train_0223,-0.06623984,0.07817819,-1.92632293,-0.50962279,1
train_0224,1.29815529,1.27050612,-1.88219823,-2.47739623,0
train_0225,-1.06026401,0.48762427,-0.90319319,-1.92598644,0
train_0226,0.35583214,1.58824901,1.80582479,-2.11420850,0
train_0227,-1.57758328,-1.00830274,2.08819648,-2.48932110,0
train_0228,-0.39126098,-0.20074007,-0.29805582,0.34436167,0
train_0229,0.60607077,-0.32508281,0.50132036,-1.70775322,0
train_0230,-0.77304568,1.87149705,-1.85562744,-2.47520173,1
train_0231,2.05838886,1.59428397,-1.11393394,0.25632386,1
train_0232,-0.16942613,0.41533334,-1.52414730,-1.20527907,1
train_0233,1.47005025,0.37435551,0.00501088,0.88765971,1
train_0234,-1.87334443,-0.70865188,-0.66393465,-1.36510726,0
train_0235,-0.80557018,-0.54850495,-1.72275772,2.41196402,0
train_0236,-1.84143709,-0.70820719,-0.07915985,-0.67842198,0
train_0237,0.40942193,1.42402891,-2.01427737,0.12108984,1
train_0238,-1.36391967,0.54054898,1.61340719,2.19845980,0
train_0239,-0.36901447,0.09663461,-2.34290206,1.44972571,0
train_0240,0.40712693,0.03232250,2.34754308,-0.96987317,0
train_0241,1.95232115,0.73668069,-1.22939806,-1.16450651,0
train_0242,1.33407873,-1.36433707,2.46184917,1.43350722,1
train_0243,1.35259961,-2.14715495,1.43672802,-2.20339926,1
train_0244,0.90090411,-1.91102797,-1.75685435,-0.18378930,1
train_0245,-0.98807419,-1.23927494,-0.04434402,-2.49085971,0
train_0246,-0.48147006,1.46348541,0.75116951,-0.77440483,0
train_0247,0.66075258,1.04696795,-2.21144958,0.83434717,1
train_0248,0.25434666,2.29458875,0.47830503,-0.42942869,1
train_0249,-1.72275934,2.47500678,1.04468894,2.19571103,0
train_0250,0.72650540,-0.33806915,2.19550585,1.64266820,0
train_0251,-1.08352060,-0.97034356,-0.16234822,-2.06620000,0
train_0252,1.26522509,-2.42003383,0.33959864,-2.12438162,1
train_0253,-1.56006594,2.39228005,-0.39807946,2.21166648,0
train_0254,1.78142984,1.35945802,-0.29435756,-1.11267706,1
train_0255,-2.45639506,-2.25316967,2.21466759,-1.95281209,1
train_0256,-0.01642131,0.79288695,-0.44482228,-1.15213186,0
train_0257,0.93927867,0.12776911,0.53930241,-1.70547752,0
train_0258,1.82841449,-1.07982826,-2.27024520,0.43440319,1
train_0259,1.17710081,0.93783359,2.31437043,0.16893628,0
train_0260,0.66270405,2.00878640,2.33553150,-2.41063472,0
train_0261,-2.38050738,-2.47836564,2.07365323,1.77237005,0
train_0262,-2.49508660,0.70532839,0.38256261,2.08255634,0
train_0263,2.20324257,-0.67130229,0.09336696,1.77131547,1
train_0264,-1.20241151,-1.82480102,2.00499713,-0.08059697,0
train_0265,0.32829132,-0.23893084,-0.36102954,-0.92196103,0
train_0266,-2.37832113,0.95715935,-1.88877731,-0.32933451,1
train_0267,-1.08623372,-2.15546048,1.48026598,-2.27667706,0
train_0268,1.97610340,-0.23670339,-0.26084988,0.08496545,0
train_0269,0.30971325,-1.49044095,1.65827589,-0.25323915,0
train_0270,-1.17182809,-1.43324912,0.44826245,1.49232532,0
train_0271,-1.66576049,-0.29562088,1.36615117,1.66219945,0
train_0272,-1.63972912,1.82250609,0.49101069,-1.39167111,1
train_0273,2.43967851,0.65113956,-0.61476329,-0.86308021,0
train_0274,1.60404954,-0.89323583,0.07350349,-2.06850802,0
train_0275,0.72692332,-1.82108602,1.23283031,-1.99854210,0
train_0276,-0.23289712,-0.68234204,0.35185904,0.01161703,0
train_0277,-0.75009939,-2.41780658,-1.09045460,0.01665153,1
train_0278,0.69711104,1.35585221,2.27361882,-2.38552844,0
train_0279,-1.56850135,1.10194406,-0.45031624,0.85301833,0
train_0280,1.66791351,-1.54143052,-1.34646066,0.59534508,1
train_0281,-0.45416517,0.58328573,2.31786205,-2.22652992,0
train_0282,0.27691221,0.35068018,-0.91533261,-0.72365066,0
train_0283,2.46247149,-0.59862805,2.21205877,-1.58131678,0
train_0284,-1.75890138,2.34057252,0.97247011,-1.83328846,1
train_0285,1.45239731,1.87482661,0.99973036,0.47047886,1
train_0286,0.16095526,1.01095919,0.96756006,1.13160546,0
train_0287,-1.14186403,-0.73810886,-0.20262738,0.27863819,0
train_0288,2.29180064,-1.38139570,-0.81290687,-1.90172195,0
train_0289,-1.07589321,1.48726803,0.79461948,-1.57376472,0
train_0290,1.18941987,-2.12990850,0.78569504,1.20522126,1
train_0291,-0.39273023,-0.74167651,-2.17625359,-1.18967898,1
train_0292,1.85852817,0.33125281,0.05341249,0.23917384,1
train_0293,-1.15990210,1.02529932,0.93604876,2.37201322,0
train_0294,0.99331661,0.39480505,2.24027190,1.04952925,0
train_0295,1.64504418,-0.14501558,-0.45087361,-1.20133088,0
train_0296,-0.13995445,-0.82420045,0.66140869,0.90724377,0
train_0297,-0.58884338,-0.42156624,2.10262427,-2.17648042,0
train_0298,-0.96377933,1.32839522,-2.08705261,1.57584743,0
train_0299,2.46284824,1.12677836,2.15099494,2.44947988,0
train_0300,-1.61548536,-0.22972962,0.61897906,-0.74772111,0
train_0301,-2.25355892,-2.47970593,-2.20212385,1.39831308,1
train_0302,1.92263884,-0.52831005,-1.14431719,-0.06697605,1
train_0303,0.78328613,-0.43922734,-1.44685656,-2.49422161,0
train_0304,-1.07863938,0.80992684,1.17711536,0.26433252,0
train_0305,0.02910360,-1.96616022,2.02412152,-0.34322930,0
train_0306,-0.47687431,1.69931061,-1.87067628,1.94960121,1
train_0307,-2.16091372,-2.09638341,-1.62492754,1.18718890,1
train_0308,1.16283209,-1.20415185,-0.62001343,-1.83297887,0
train_0309,-1.00173291,-1.39828786,-0.48218269,0.22394820,0
train_0310,-0.54271450,1.79514332,1.16904929,-1.72799466,0
train_0311,-1.75430716,-1.23087056,-0.68440414,1.69354648,0
train_0312,0.56476455,1.25538765,-0.79150770,-0.86851802,1
train_0313,-1.54372673,-0.83970038,1.69987371,-0.53672349,0
train_0314,-0.96423976,2.19898616,1.67604706,-1.41367567,0
train_0315,-1.23900265,-0.17114292,-2.19752182,-1.12046997,0
train_0316,1.96773411,-0.89345311,-0.05218582,-1.70500279,0
train_0317,0.34738898,1.22160711,0.15703535,-2.39091179,0
train_0318,2.46285707,0.65039255,1.96860513,1.63251516,0
train_0319,-0.66762614,-0.07112589,1.16872190,-0.31737808,0
train_0320,-0.34954159,0.65661593,1.83254795,2.46952763,0
train_0321,-0.95695083,2.06803747,2.44021166,-2.29486144,0
train_0322,2.00245140,-0.92725940,-2.41153562,-1.60664142,0
train_0323,0.61962863,-0.99409535,-1.03569882,-1.13268457,1
train_0324,-0.49858789,-1.50115147,-1.99565526,-2.05339221,1
train_0325,-2.06022887,0.28402697,-0.09468210,1.19085032,0
train_0326,-1.48497308,0.66179734,-0.30387158,-1.82809007,0
train_0327,2.02420373,-1.45812676,-0.52892873,2.43103152,1
train_0328,-2.44056282,1.34786718,0.73061474,0.22141269,0
train_0329,1.60423528,1.92352385,1.50405636,-1.85844273,0
train_0330,-0.01788627,0.41305508,-2.46466527,-0.35696713,1
train_0331,-1.00861563,1.88501752,1.49392206,0.26991410,0
train_0332,-0.31598347,2.49453352,1.92319262,-0.87261794,1
train_0333,1.08945282,1.40540439,-2.19536793,2.20370036,1
train_0334,-2.42862177,2.02504273,-2.24091193,-1.49220759,1
train_0335,-0.26355979,1.78068689,1.04821396,1.76108691,0
train_0336,-0.37111181,1.86397156,-0.44672285,-0.03385866,1
train_0337,-0.76619951,-1.39907104,-0.33718664,1.09298566,0
train_0338,-1.21365164,1.35222521,0.04513587,2.41149833,0
train_0339,-1.52927147,-0.61250204,-0.59537860,2.04993756,0
train_0340,-2.11445427,2.14153444,2.35210346,-2.32059077,1
train_0341,-1.63911175,1.34696541,-0.07053504,-2.47807594,0
train_0342,0.64871731,-0.69224960,2.40127058,-1.87368799,0
train_0343,0.51565407,0.84587048,2.04361747,1.24553010,0
train_0344,0.23576185,-1.40560646,-2.34784138,1.95558092,1
train_0345,0.70310462,-1.36911008,1.97931195,-1.79580259,0
train_0346,2.49338034,0.60040788,1.80132871,-2.32046247,0
train_0347,-1.16233549,0.43539596,-0.25783672,2.05642705,0
train_0348,0.04143439,0.33825809,-1.41079091,0.75924644,0
train_0349,-1.92274186,-0.57439073,-2.43858760,2.15994985,0
train_0350,0.60168913,-0.96235146,1.15380641,-0.84172915,0
train_0351,0.21666256,0.67747678,-0.00251158,-2.47101224,0
train_0352,1.27400706,1.26750876,-2.28086204,-0.62024166,1
train_0353,1.45734633,-1.06464948,0.80110723,-0.87294454,0
train_0354,-0.79133784,-0.04473705,-1.75879356,0.53789483,0
train_0355,0.20924140,1.41957382,1.33524938,-0.86992082,0
train_0356,-1.75565887,1.26994938,2.02363377,-0.85399351,0
train_0357,-1.77830134,-0.42740894,-1.07444729,-0.21030895,0
train_0358,2.08107725,2.01268044,2.12102459,-2.17358630,0
train_0359,-1.89593826,0.59489009,-2.33631286,1.24488262,0
train_0360,-1.46690439,0.07645479,2.15929493,1.55466661,0
train_0361,0.04272210,0.26594792,-0.49298025,-1.96157003,0
train_0362,1.83919616,-1.59095895,2.47447238,-1.08226398,0
train_0363,0.60412821,-1.05519742,1.98678203,2.12054289,0
train_0364,-1.48323930,1.61067767,-0.22582778,1.09645480,0
train_0365,-2.17855994,-0.75995636,1.77973674,1.60154063,0
train_0366,-1.18859138,0.19636992,-1.86927843,1.35262137,0
train_0367,2.12945707,-2.14969209,-0.76155333,-1.81336333,1
train_0368,1.74149040,-0.81669583,1.83221015,-1.74171240,0
train_0369,1.62081335,-1.49302681,-1.23883948,-2.22264820,0
train_0370,0.28049323,1.64683450,-1.60450461,-0.32924126,1
train_0371,2.05481822,2.09917309,2.12894653,-1.78215033,0
train_0372,0.44332498,0.47620343,2.07269187,-1.03748614,0
train_0373,-2.18452006,-1.04176192,0.17929385,1.01874918,0
train_0374,-1.26552564,1.20785344,1.86306866,0.85685161,0
train_0375,-1.03769744,1.97655352,0.24365522,-2.38367989,1
train_0376,-0.47192384,0.68121278,-0.76261742,2.17445344,0
train_0377,-0.43073148,-0.08715927,-1.97533788,1.41267402,0
train_0378,1.53725130,2.43788055,-0.75840040,-1.62635562,1
train_0379,-1.70470041,-0.44243025,-1.90400483,2.26555538,0
train_0380,2.05463480,1.45065768,-2.29484902,-0.19425700,1
train_0381,-2.40725923,-0.96486647,2.09427149,-0.71975027,0
train_0382,1.46708284,1.07261259,1.47606030,-2.36906532,0
train_0383,-2.19094645,-1.49478913,2.23415988,-1.31185049,0
train_0384,2.28548075,1.10423896,2.38247873,-1.76236661,0
train_0385,1.26761701,-1.28497856,-1.02121681,0.21364332,1
train_0386,1.23094548,1.05228603,-0.44808736,-2.40672982,0
train_0387,0.90270700,2.23189698,-1.60697248,-1.55772730,1
train_0388,-2.22706408,-0.85041051,1.50801039,1.15812865,0
train_0389,0.33865251,0.67466082,-1.03588146,-0.98418466,0
train_0390,2.12157434,0.73481030,0.03437085,-0.57821987,0
train_0391,1.34237607,-1.40913274,0.57435771,0.35967462,1
train_0392,-1.42337566,-0.45468234,-1.66041375,-1.86809481,0
train_0393,-0.70011761,-2.33979304,-0.74422196,0.32229459,1
train_0394,-2.17767058,-1.29104020,-1.26116771,2.04013680,0
train_0395,1.12530649,-0.78876219,1.83687090,-0.41826982,0
train_0396,1.96373531,-1.25013217,1.02893627,-0.58264427,1
train_0397,-2.36961216,1.10185143,1.92792687,-1.93491070,0
train_0398,-0.14620445,1.29429440,-0.65938994,-2.34405182,0
train_0399,-0.78416438,-1.55633920,1.28115800,-0.93231464,0
train_0400,-1.20304816,-0.45832774,1.95461070,-0.87575264,0
train_0401,0.38002394,0.56778212,-0.32916220,2.13723525,0
train_0402,0.89988240,0.50236014,-1.54356171,-2.02905461,1
train_0403,0.34671974,0.88270646,-0.85806199,-1.74644896,0
train_0404,1.82056082,-0.21663787,-0.20282352,-0.01904764,0
train_0405,1.48002670,1.11909094,2.32897670,1.45186633,0
train_0406,1.64138139,1.84501668,-1.73818122,2.49772232,1
train_0407,0.35282480,-0.33487995,1.78796574,-1.90124249,0
train_0408,0.87408659,2.13509772,2.40516635,-1.43685296,0
train_0409,-1.72905256,-0.34073212,1.70032989,1.66444009,0
train_0410,1.78345246,-1.64231983,-0.42928533,0.84739866,1
train_0411,-1.03004009,1.44426751,-1.75627407,2.12577793,0
train_0412,0.43657774,2.07949549,-0.69957479,0.99738718,1
train_0413,1.42850579,0.80703687,0.97260921,1.37897410,0
train_0414,1.03565770,1.56012899,0.52985925,-2.29872617,0
train_0415,2.47799270,-2.20857854,1.20546820,-1.34989448,1
train_0416,-2.36535872,-1.04720384,1.97072751,1.71687098,0
train_0417,1.06049253,-0.91395353,2.16228304,-0.48885562,0
train_0418,2.49791568,1.08374814,2.44109696,0.86821362,0
train_0419,-0.17076998,1.20882405,-0.32137854,-2.48823217,0
train_0420,2.23928489,-1.10958990,2.03258591,0.19264122,0
train_0421,-0.17573093,-0.78549396,2.30449619,-0.31383303,0
train_0422,0.97488370,1.29933565,0.73287670,1.81085257,1
train_0423,-1.52656550,-0.73180039,-0.38886994,2.20369561,0
train_0424,2.35624917,-1.94739318,2.03330035,0.52452867,1
train_0425,-1.68649283,-1.22491748,1.29300518,2.44299105,0
train_0426,-2.09437376,0.15914155,1.38863168,2.22665561,0
train_0427,2.11119011,0.95184440,1.45801777,2.44861155,0
train_0428,-0.66157929,2.47034928,0.92066589,0.63208225,1
train_0429,1.31312460,-2.25573427,0.11758624,-1.04127782,1
train_0430,1.36614066,-2.25555657,-1.45345651,-2.13429897,1
train_0431,-1.89088782,2.15057948,-2.19356723,-1.31298123,1
train_0432,-0.09406738,-0.92888050,2.15988231,-2.23154450,0
train_0433,-2.29429810,1.94660267,2.10371968,1.77463421,0
train_0434,-1.14133763,1.70949540,0.26848394,0.88681065,0
train_0435,1.61163881,0.40949901,0.24960154,-0.15204330,0
train_0436,-0.20766085,1.05956628,-0.61892451,-0.43801161,0
train_0437,-0.74657049,-1.76453576,-0.25427131,-1.86107863,0
train_0438,1.31670367,0.99592704,1.95615315,-1.87535918,0
train_0439,-0.91040692,-1.87233034,2.11812085,-0.93779406,0
train_0440,-2.35721902,-0.81642807,0.73588536,-1.10377546,1
train_0441,-0.74451575,0.74139119,2.11295421,2.21482270,0
train_0442,-2.41184663,-2.00822578,2.24968056,0.99034912,0
train_0443,0.21556563,-1.40307250,2.19870139,-2.22946454,0
train_0444,-1.69924450,-1.51397148,0.30218445,-1.87625498,0
train_0445,-1.17917149,-1.86112897,0.01967041,1.36356454,0
train_0446,1.20558809,-1.26537580,1.60936741,-2.04319277,0
train_0447,-0.72060570,-1.60674073,-1.12953369,2.04864115,0
train_0448,2.49915245,-1.24015363,0.62638078,-0.12468226,0
train_0449,0.21109370,0.39721740,2.18165787,-0.55599837,0
train_0450,-0.73228483,0.71909577,-2.08029900,-0.98110869,0
train_0451,2.07020005,-1.66755240,1.06578369,1.09146769,1
train_0452,-0.49791171,-1.52539257,-1.32936653,0.01862580,1
train_0453,-2.11160143,0.51779899,0.97224680,-2.10283211,0
train_0454,1.87831959,2.11535315,-1.38080271,1.66917196,1
train_0455,-0.73297938,0.94334879,0.23621095,1.44464877,0
train_0456,-1.99434961,-0.30583170,0.26407371,-0.98448385,0
train_0457,-2.49021828,-1.85302522,1.21206828,1.93425040,0
train_0458,1.42029066,-1.94505828,1.97899584,-0.47147894,1
train_0459,-2.01111758,-0.39919894,1.29255926,-0.54476010,0
train_0460,-0.33907679,0.73261681,-1.27378297,-2.40980828,0
train_0461,0.24469283,-1.69282878,2.08812617,1.78972924,0
train_0462,1.91481440,0.13927033,1.89247186,-2.32425196,0
train_0463,-1.97113236,-0.09797337,2.28365517,1.49636921,0
train_0464,1.58094694,2.41711050,-2.17356042,2.46297709,1
train_0465,-0.60913785,-0.20283158,-0.62923758,0.49033958,0
train_0466,-1.66830368,-0.05936522,-1.14962631,1.35568116,0
train_0467,0.77379287,0.21304091,2.23758492,1.02975998,0
train_0468,-2.24998572,-1.95193430,-2.13970255,0.40733188,1
train_0469,-0.53682511,-0.09780924,1.97016297,-0.66735645,0
train_0470,-2.07618282,-0.73774030,0.62728306,-0.19103549,0
train_0471,-1.42629386,0.62637902,1.81887902,-0.91727311,0
train_0472,-1.23056945,2.17034552,-0.23427094,1.94116117,0
train_0473,-0.73221924,1.99559627,1.59838920,1.90215047,0
train_0474,2.07103747,0.42467170,2.06551817,2.35844989,0
train_0475,-0.74924233,1.78139906,1.14877982,-1.23435825,0
train_0476,-2.19209028,0.91756063,2.25554148,0.44960293,0
train_0477,-2.31504444,-0.39859773,-0.08741846,-0.29643820,0
train_0478,-1.00222798,1.23029847,2.31825237,-2.38592487,0
train_0479,-2.19532606,2.42101106,-0.65033065,0.91490069,1
train_0480,1.04713483,-0.11667997,0.01925571,2.35947824,0
train_0481,-2.40243424,-0.07021963,2.06300388,-0.73423150,0
train_0482,-0.85026222,0.07740415,-1.82849853,-0.37603489,0
train_0483,-1.78641861,1.51583820,1.81802526,-1.16350402,0
train_0484,-0.91261303,-1.27019153,2.30474958,2.21639399,0
train_0485,-1.54533858,-1.81361365,0.10701389,1.88805318,0
train_0486,2.23853210,0.23478808,-2.40913119,1.21069440,1
train_0487,-1.15892377,1.47719029,1.15228764,0.74438452,0
train_0488,-2.45184997,-0.59406174,1.56834978,0.54157951,0
train_0489,-1.09503925,-0.22933046,1.79270804,0.19289327,0
train_0490,0.75169431,0.64024481,-1.98338929,-2.27454746,0
train_0491,-1.16118182,1.81223729,-1.81634314,2.44847064,0
train_0492,-0.61445070,1.20424359,0.59704474,0.39140152,0
train_0493,1.20823901,-0.42092820,0.53220310,-0.06643644,0
train_0494,0.82669163,1.29028647,1.89665461,-0.77707516,0
train_0495,-0.61796455,-2.12693280,1.89612180,-1.80300443,0
train_0496,-2.25213035,1.17802103,0.23929742,1.21518545,0
train_0497,-1.13043852,-1.55873465,-1.92588954,1.13209018,1
train_0498,0.34259782,-0.35031092,-0.24624592,-0.24029391,1
train_0499,-0.83483667,1.74162196,1.11121553,1.76370744,0
train_0500,-1.68283938,-2.48628131,-1.50913449,1.22383678,1
train_0501,1.13053857,-0.54731314,2.07160106,1.41443951,0
train_0502,0.01264088,0.72145235,0.15622881,2.10510194,0
train_0503,0.65749077,-0.36741684,1.81793451,1.34418121,0
train_0504,0.94979599,0.92270330,-0.47344690,1.06621611,1
train_0505,-1.49959362,-1.76811831,0.39398909,0.58571877,0
train_0506,1.20873613,1.88967483,-1.92672335,-1.88094734,1
train_0507,2.21600016,-1.02489546,0.54198069,-2.12151281,0
train_0508,0.14827686,-1.69839346,-0.40347242,-0.01671881,1
train_0509,-1.44750952,-0.94058074,0.62723996,-2.35216820,0
train_0510,0.89114270,-0.24732341,-1.85984569,0.47438886,1
train_0511,-0.51883681,1.16456220,-0.93739315,-0.12052825,0
train_0512,2.12392806,0.71735907,2.48006650,2.18609184,0
train_0513,-0.25615482,1.48703864,1.43649819,1.35546344,0
train_0514,0.90492725,-1.66220655,-2.09369674,-0.55561256,1
train_0515,0.02250029,-0.72263455,-1.52465290,-0.81334931,1
train_0516,2.17413471,0.65333548,-2.24710303,-1.04091585,0
train_0517,1.52688873,-0.96910464,1.20358632,1.92429088,0
train_0518,0.13389203,0.77795854,-0.60666894,1.37344217,0
train_0519,2.24826069,1.08928330,0.63874165,-0.35919160,0
train_0520,-0.44643268,-0.69405190,1.48629870,-1.35139984,0
train_0521,-2.15515497,-1.24197341,1.67354266,-1.71347780,0
train_0522,0.94904483,-0.33367133,2.17075440,0.10302650,0
train_0523,0.93408461,1.65231303,2.10055856,1.94576922,0
train_0524,-0.48283698,-2.14502906,1.26855067,1.22224942,1
train_0525,-0.63912061,-0.00044307,-1.88603320,-0.57439686,1
train_0526,-1.23981395,-0.88518310,0.09661426,-0.76192349,0
train_0527,-2.03178315,1.12918322,-0.31434036,2.33448377,0
train_0528,1.66069269,0.30660060,0.85347946,1.59759636,0
train_0529,0.74811104,-1.32294649,1.89735524,-1.80180896,0
train_0530,-0.11557993,-0.30541100,1.31165236,1.96977107,0
train_0531,-0.62934337,1.46334077,0.12110530,-2.02413514,0
train_0532,-1.77413092,0.57230894,-0.13204048,-1.37204085,0
train_0533,0.30624519,-1.81708723,-0.07534676,-0.38322161,1
train_0534,-1.24710503,0.21587720,1.07952035,0.82144014,0
train_0535,0.20931097,0.86896867,1.92575774,0.70584494,0
train_0536,-1.11304439,1.78595053,0.22868244,1.87353041,0
train_0537,-1.20522506,-1.56771722,0.04200381,2.37153129,0
train_0538,1.27051384,0.34836959,1.64513394,-0.23882139,0
train_0539,-1.41979559,0.57861568,-1.93222039,-2.42136852,0
train_0540,-1.23267616,-0.56159825,1.30099218,1.03333756,0
train_0541,1.52863790,-2.11869834,-2.12471276,2.46276345,1
train_0542,-0.88188415,2.34949408,-0.93631125,-1.92813289,1
train_0543,-2.05405724,0.53736877,0.69484127,0.71656371,0
train_0544,1.89126258,-0.27182019,0.38988508,2.42356804,0
train_0545,1.20236028,-1.29016944,0.39233843,0.15121841,1
train_0546,-0.99868935,-1.79259009,0.91434222,-2.05240302,0
train_0547,-0.93994095,0.09331251,-1.83157049,0.83929888,0
train_0548,-0.78058868,1.55183505,-0.92399996,-2.02152216,0
train_0549,1.94700577,-0.67524218,0.83428066,0.80116760,0
train_0550,-0.97220161,1.41173153,-1.67408816,1.70074399,0
train_0551,-1.85118780,-1.36378305,1.52027432,0.00107055,0
train_0552,-0.49769899,1.63299601,0.20736330,1.42740956,0
train_0553,0.11792527,1.21521247,0.91047989,-0.01129249,0
train_0554,1.90756136,0.41899797,1.75842074,-1.34070979,0
train_0555,-2.38840865,-0.53598032,2.31180983,-0.51376262,0
train_0556,-1.21420802,0.02825206,-1.17944557,2.28448323,0
train_0557,0.08586311,-1.24029697,1.52492615,-1.03786878,0
train_0558,1.94274196,0.88813715,0.73735545,-0.66323850,0
train_0559,2.42964543,0.16248874,-1.13655564,-0.99036975,0
train_0560,1.75208708,-1.52719196,-1.46001058,2.22575558,1
train_0561,1.91975554,0.30526540,1.31099340,-2.23608992,0
train_0562,-2.36419185,1.53071096,-1.32620974,1.86924667,0
train_0563,0.10377518,0.36187385,1.30040330,-2.20298534,0
train_0564,0.34232018,1.06296123,1.98303943,1.59988173,0
train_0565,0.14271143,0.09504545,-2.10073715,-2.35443834,0
train_0566,-0.90443228,2.02315447,2.47645314,-2.33097334,0
train_0567,-2.47320703,-0.34981246,1.90554473,-0.63904761,0
train_0568,-1.37493062,1.72066974,0.57633008,0.77719141,0
train_0569,2.20203576,0.55379996,0.31392922,-1.57377518,0
train_0570,-1.85947555,-0.56612719,0.33071751,-0.96875175,0
train_0571,0.37187548,1.26138407,1.16976370,1.72457529,0
train_0572,-0.02655695,1.19337880,0.40852588,-1.79500785,0
train_0573,-0.37825027,-1.48361157,-2.23695039,-0.44777311,1
train_0574,2.36846611,2.03654474,-1.61170317,1.41092207,1
train_0575,1.03464182,-0.75298132,1.59066498,0.59594249,0
train_0576,-0.85930070,0.06718911,0.75645413,-2.08091804,0
train_0577,-1.36888097,-0.31698054,-1.42221286,2.12577966,0
train_0578,0.38341920,-0.67378612,1.72039864,-1.74217687,0
train_0579,1.64060722,0.47340892,-1.64913126,-1.82073565,0
train_0580,0.55178598,0.96295125,1.13396531,-1.40788084,0
train_0581,0.97709453,-0.25968104,0.62585547,-1.60901117,0
train_0582,-0.33831643,1.60989245,1.34273074,0.79035021,0
train_0583,0.43622329,-0.17431385,2.34936161,0.57004951,0
train_0584,1.16353233,2.15113745,-1.25456865,-1.59826718,1
train_0585,-0.50385217,0.85188164,0.00660441,-0.43408544,0
train_0586,-0.59266662,-2.07782724,2.08384574,-0.23865526,0
train_0587,-1.63827679,0.74306214,1.38134540,-1.91140750,0
train_0588,-1.23775946,-0.27870340,-0.16873727,-1.76964404,0
train_0589,-0.89292824,0.69191277,0.47363162,-1.22543610,0
train_0590,0.72173695,2.39920551,-2.23084687,2.13902498,1
train_0591,0.13994433,-1.91169278,-0.16709454,2.26666733,1
train_0592,-1.12386857,-0.64490255,2.32464136,1.14809003,0
train_0593,-0.00832461,1.89729795,-0.68781246,-1.40613655,1
train_0594,-1.95346225,0.91211765,-0.15826629,-0.48681104,0
train_0595,-1.21186588,-1.66716044,2.32568329,1.07439129,0
train_0596,2.00997683,-1.43239818,1.06280197,-0.03269827,1
train_0597,1.23541148,-1.99661673,1.15462147,1.66613772,1
train_0598,-0.96730155,1.12872226,-0.67339803,2.15477503,0
train_0599,-1.80897036,-0.94003521,-0.53782533,0.48113722,0
train_0600,-1.61549641,-1.99824133,0.19950654,-0.19340093,1
train_0601,-0.60818773,-1.00490523,-0.65588929,1.42075219,0
train_0602,-1.99501571,-1.06190455,-0.33954945,0.88962572,0
train_0603,0.82838039,1.10861359,0.87731861,-1.82220543,0
train_0604,-1.50746429,1.46326040,1.04213497,-1.95690334,0
train_0605,-1.94084468,2.12566660,1.87147642,-1.72615446,1
train_0606,1.13374991,2.44472367,1.27072587,-1.68315108,1
train_0607,0.32550069,0.61781974,-1.90270906,-0.62967403,1
train_0608,-0.76734867,0.35738539,-0.48853235,1.28843479,0
train_0609,-2.03732293,0.21243384,0.42389885,1.92851296,0
train_0610,-2.44590305,-2.12907589,-0.65450053,1.31915189,1
train_0611,-0.60954897,-0.42864157,-2.18048777,-1.48321942,0
train_0612,-1.65233141,2.14454041,1.72376714,-2.46636892,0
train_0613,-1.47395432,-2.07011735,-0.57281543,0.07178769,1
train_0614,-0.74205985,0.24372593,-0.16869177,-2.29650136,0
train_0615,2.09806247,0.17899810,1.45888260,-2.09124100,0
train_0616,0.11847926,0.39820612,0.05342771,1.03164895,0
train_0617,2.03769331,2.39735131,-1.42703997,-1.08887745,1
train_0618,1.88206639,-2.04706336,-2.04106991,-2.35418075,1
train_0619,1.51810721,0.68429355,-0.59902822,-1.38548762,0
train_0620,-0.95623698,1.10346340,-2.08155469,0.94424954,1
train_0621,0.40074716,1.44869551,1.90340405,1.29617259,0
train_0622,1.44145756,0.56137222,-0.90914434,-1.97067423,0
train_0623,-1.96119438,1.88887886,-1.20172573,-1.78726723,1
train_0624,2.36277806,-1.26903348,0.79772939,0.81525727,1
train_0625,1.25022880,0.21131848,2.29134072,0.47482097,0
train_0626,1.02767445,-2.28096292,-0.98890935,0.47916009,1
train_0627,2.32694972,0.47820173,1.02606091,1.02849660,0
train_0628,1.07476939,-0.60282934,1.85260612,-0.49686582,0
train_0629,-0.88379791,-2.06025350,-0.95172305,-2.15921817,1
train_0630,-0.86079863,-0.94846803,2.09796370,-1.58003319,0
train_0631,-0.44580546,0.66266575,2.06651882,-0.11252398,0
train_0632,0.57753559,0.07303963,0.58389750,-2.26886051,0
train_0633,0.23436504,-0.89759905,-1.57743512,-2.22376105,0
train_0634,-0.29413683,-2.28647923,-0.14916905,-0.56157720,1
train_0635,-1.86614683,1.95080717,-1.44675794,-2.11465476,1
train_0636,1.76023832,-0.33236554,-1.12632736,2.14615191,1
train_0637,-1.07566876,1.03113918,1.68690501,-1.65924906,0
train_0638,-0.39431565,-1.71773327,0.79339395,2.06853475,0
train_0639,2.29840674,-0.18049744,-2.45855052,-1.19405011,0
train_0640,-0.82676763,-1.62524537,2.47810552,-1.85780982,0
train_0641,0.28362963,0.35540334,2.06790906,-0.86793055,0
train_0642,-0.05127597,0.33104371,-0.75250636,1.75262762,0
train_0643,2.46847376,-0.32836305,-2.46206279,2.45914886,1
train_0644,-1.15737990,-1.27253457,1.84162444,-1.36189637,0
train_0645,-0.58012793,-0.76061450,1.14738993,1.04604484,0
train_0646,0.74730187,-1.60206703,-1.00512743,-0.67986258,1
train_0647,-0.91613821,-1.75407522,1.57495219,-1.02328266,0
train_0648,-1.53539657,-0.01305114,-0.21973640,-0.72458637,0
train_0649,-2.47478180,-0.99869165,-0.15974844,1.83783387,0
train_0650,-2.10948598,-1.06991795,0.32570831,2.19739963,0
train_0651,1.82405575,-1.94663240,-2.19735584,-1.08865391,1
train_0652,-0.60870877,0.33175908,2.12602592,1.43755568,0
train_0653,0.20807075,1.29464605,0.76865184,2.08044338,0
train_0654,2.08007934,1.17295330,2.45771219,0.38848013,0
train_0655,1.84229994,0.58803895,-0.48735137,-0.56374163,0
train_0656,0.71649586,1.23469624,-0.79735461,-2.31508920,0
train_0657,-2.22795423,1.32150031,0.32226238,-0.97445811,1
train_0658,-1.15790086,1.13763585,0.50707473,1.17890934,0
train_0659,-0.18192545,-0.15225341,-0.96237012,-1.80855199,0
train_0660,-0.45461223,-0.43547752,2.15215547,2.16046810,0
train_0661,2.11700602,1.62017633,0.96825546,-0.43643374,1
train_0662,0.78194013,1.89635556,2.39749641,-0.90013764,0
train_0663,-0.71870510,-0.26621757,0.02639712,-1.32647978,0
train_0664,-2.43022543,0.48486055,-0.23209930,2.00159155,0
train_0665,-0.11793164,-0.66285330,0.35608958,-1.89867474,0
train_0666,1.42362258,2.23575819,-1.20153689,-0.95868697,1
train_0667,0.91094154,1.50568820,1.69399703,0.58071492,1
train_0668,-1.10733117,1.35212244,1.76585891,0.00060946,0
train_0669,-0.33856335,-1.27514649,0.62553541,2.34424554,0
train_0670,-2.02726131,-0.81122435,-1.60418508,0.11238077,0
train_0671,0.33941176,-1.77025468,0.15999911,-1.59772369,1
train_0672,-0.76715492,1.15653383,1.91425787,1.30551575,0
train_0673,1.58124292,-0.99926958,-1.48424216,-2.44775697,0
train_0674,1.97508224,1.83567341,0.37128491,-1.05663940,0
train_0675,1.55218752,0.39745387,0.57663202,2.18557746,1
train_0676,0.91557714,0.98430790,2.19477947,-2.27590752,0
train_0677,-0.17731435,1.13723926,1.98031853,-1.69321714,0
train_0678,-0.83025875,2.10026391,1.08537138,1.99271867,0
train_0679,0.70482016,-0.04054209,1.21410488,0.14269286,0
train_0680,-2.37492526,-1.02964200,2.04432808,-0.62870021,0
train_0681,0.69916797,0.46939369,-1.25788851,-1.29180265,0
train_0682,-0.03712750,2.02736008,2.30592489,1.90462096,0
train_0683,1.70184788,-0.24967211,2.09230591,1.09357665,0
train_0684,1.52815655,1.50616553,-0.81600488,-2.34914844,0
train_0685,2.39994541,0.51246732,1.32391279,1.40364624,0
train_0686,0.01071575,-0.23382157,2.37499843,0.96319736,0
train_0687,-0.32276906,-1.77197541,-0.14402488,1.41462307,0
train_0688,2.13342600,0.04218496,1.25670125,1.17329030,0
train_0689,-2.01327380,1.48475323,0.63610135,0.30139659,0
train_0690,-0.69573603,2.21031993,-0.23145075,0.04856352,1
train_0691,-1.71309479,2.01510463,0.46917594,2.44132943,0
train_0692,0.74500070,-0.41033517,1.68099512,2.22382901,0
train_0693,-0.84753167,0.17342047,-1.39351995,0.92448158,0
train_0694,-0.29963592,-0.44678129,0.27280597,1.10580997,0
train_0695,2.03720987,-1.46395216,0.83788233,-2.32272239,0
train_0696,1.55925374,-0.38471504,0.47646759,-0.95971491,1
train_0697,-0.93782428,-1.89971399,-2.42667360,0.34481766,1
train_0698,-0.18505998,-0.07412389,1.75254349,-1.73135755,0
train_0699,-2.12072771,0.26434330,1.32854645,0.94541735,0
train_0700,-1.76433125,-1.04773464,1.40461304,0.73682052,0
train_0701,-1.38966674,-0.62582337,0.18285446,-1.71782913,0
train_0702,0.88274134,1.12698024,1.87537439,2.37830500,0
train_0703,0.28931694,-1.24017753,2.48968060,-1.57834445,0
train_0704,2.49986092,-0.47300931,-1.92206288,0.22726440,0
train_0705,-1.03065938,0.27077639,0.08563225,0.70266078,0
train_0706,0.17861147,-0.53829520,2.21244230,2.42828934,0
train_0707,-0.64339026,1.65576479,1.60101147,2.07710390,0
train_0708,2.18845840,0.47535412,-1.16900296,-1.68152137,0
train_0709,-0.12240395,0.42279627,-2.16540098,-0.36001770,1
train_0710,-1.65788625,1.96715156,2.10440075,1.13119128,0
train_0711,1.50100543,0.21283377,0.72594063,-0.56417359,0
train_0712,-2.22700035,-0.93321620,1.06003507,-2.39114569,0
train_0713,-1.70231686,1.59967359,1.11963015,-0.74855809,1
train_0714,0.86032510,1.09414550,1.26420675,-0.40000550,0
train_0715,-2.48606484,-1.76756527,2.09368102,-0.26747397,0
train_0716,1.08876646,0.48554744,0.18783786,1.89548875,1
train_0717,-1.41836289,0.08156735,-2.22661334,1.84863735,0
train_0718,-0.57479056,0.82126795,-1.78716339,1.85640513,0
train_0719,1.88763887,0.35101805,1.48641965,1.60499586,0
train_0720,1.21176555,-0.07293916,2.46517077,-0.36802910,0
train_0721,-1.50004505,-1.53616727,1.60129358,0.53437694,0
train_0722,0.25867011,-1.26585928,1.75220669,-1.93525557,0
train_0723,-0.57998386,0.13623960,-0.22229018,0.17176841,0
train_0724,-0.40059307,0.20880188,1.37074173,-1.09165738,0
train_0725,-0.47054189,0.59807114,0.38005142,-0.19515261,0
train_0726,-1.47708519,1.25615354,0.48396439,-0.54646755,0
train_0727,2.23929189,-1.81371468,-0.00368361,-2.46187680,0
train_0728,0.26696047,2.13828320,0.88352553,1.45247755,1
train_0729,-1.19715982,-0.17606090,-1.79987176,-0.77181588,0
train_0730,0.29701850,0.88378858,1.11658687,-2.22985505,0
train_0731,-0.82831514,0.93618436,0.89403817,-1.51860203,0
train_0732,-1.73484391,-1.35085284,-1.64754538,0.69521558,1
train_0733,-2.07762817,0.64030659,1.33441111,1.76700483,0
train_0734,0.75651996,0.83404696,-0.64108525,-1.70890773,0
train_0735,-1.76504860,-1.85778331,-0.76639303,0.84893126,0
train_0736,0.18664837,1.04206050,0.25760874,-1.42341468,0
train_0737,-0.44558510,-1.72490998,1.67631412,0.74470173,0
train_0738,-1.45579354,-0.43969235,-2.06820498,1.90380543,0
train_0739,2.02608901,1.49652306,2.17045956,-0.70866678,0
train_0740,-0.32156966,1.87724911,0.76786694,1.88293503,1
train_0741,-1.51627616,2.16770985,2.17475769,-1.40590656,1
train_0742,-1.39474080,1.25282131,0.81308575,2.22686007,0
train_0743,1.93469352,1.54530966,0.54729768,2.33766893,1
train_0744,-2.31686939,1.43564801,1.75779728,-2.10154585,0
train_0745,2.10351262,2.15764647,2.32392585,1.86161005,1
train_0746,-0.13999258,-0.48329104,-1.70768352,2.12912113,0
train_0747,2.05681108,0.03391128,-0.10428678,2.40326546,0
train_0748,-2.03081965,-0.97494804,1.31948553,-0.47246024,0
train_0749,0.15907534,1.94964034,1.72557292,-1.01391329,0
train_0750,-0.30780446,-1.93822400,0.57104890,-1.85285312,0
train_0751,0.39403223,-1.18197963,1.83821412,1.33112263,0
train_0752,-0.46396110,-0.83512830,-1.40599827,0.58375418,0
train_0753,2.29805534,1.11380461,-0.96388414,-1.69995527,0
train_0754,1.87755152,-0.86487694,-1.20584417,-2.33708425,0
train_0755,1.67434439,1.49204905,-1.51220607,0.60847687,1
train_0756,0.14239729,0.54686895,1.62349957,-0.15275225,0
train_0757,1.26850855,1.99162303,-1.30496893,0.78388401,1
train_0758,1.52723302,-0.59017574,-1.89393581,0.87888436,1
train_0759,1.86014730,-1.22113983,-2.01382675,-1.11462137,1
train_0760,0.00346972,1.41455756,2.02739484,2.03376359,0
train_0761,1.80470313,2.04451324,1.79127490,0.52612335,1
train_0762,1.25484937,-0.10767560,2.32984035,-0.07512666,0
train_0763,2.04001469,1.84647103,1.75846453,-0.08126486,1
train_0764,-0.52329634,-0.55705938,2.04900309,0.91895748,0
train_0765,-0.13908760,0.83893627,0.70421227,1.91658349,0
train_0766,-1.07101458,0.81733978,1.95033086,-0.10331917,0
train_0767,-0.38335954,-1.63259369,-1.18570602,1.39608445,1
train_0768,0.44393236,0.83386238,-1.45566520,-1.53375041,0
train_0769,-0.66609926,1.58924817,0.05274197,-1.62990405,1
train_0770,-2.30976422,-0.84720676,2.00602339,1.42978050,0
train_0771,-2.18802935,-1.27534500,1.14359231,-0.69772317,0
train_0772,1.95323692,-1.36787000,1.01416033,-0.54757482,0
train_0773,1.38596309,2.31782894,-0.77582071,-1.98026129,1
train_0774,-0.14215490,-0.02336217,0.67841388,-0.67736350,0
train_0775,0.74009859,0.53523635,-2.12042578,0.41568335,1
train_0776,2.42501963,2.38744690,1.74123755,-2.39163599,0
train_0777,0.61652328,-1.96334695,2.06374705,0.13619603,1
train_0778,-0.38290443,-1.61245819,-0.41667059,2.27293395,0
train_0779,0.85446537,0.40867037,1.54584547,1.62905086,0
train_0780,0.42075006,1.90101636,-1.75468896,-2.11003424,1
train_0781,1.14409864,2.09829900,-1.21710179,0.90388632,1
train_0782,0.57605480,1.96821321,1.45321653,-0.81509755,1
train_0783,0.87855364,0.51320778,1.58281026,2.44837833,0
train_0784,-1.98380545,-0.24971401,1.03202680,1.89453540,0
train_0785,-0.44129353,-1.21265580,0.03793766,-0.85249766,0
train_0786,2.10509254,-0.44362741,-2.24003470,-1.99381777,0
train_0787,0.86665334,-1.79923709,-1.61107720,-1.01429092,1
train_0788,-1.59854709,-0.20268684,-0.77874876,2.30963818,0
train_0789,-0.70344772,1.23155843,-0.35119188,2.46544357,0
train_0790,-0.03074980,0.22700938,-1.49216303,0.72062012,0
train_0791,2.35336904,-2.25477139,1.45510290,1.02139101,1
train_0792,-1.29976705,-0.91307756,-1.55733316,-1.43762561,1
train_0793,2.11945468,-1.91965072,1.50817445,-2.02167251,0
train_0794,0.53128748,-0.51332626,1.60463048,1.60565554,0
train_0795,-1.84616038,1.80915289,1.89034252,1.44156082,0
train_0796,-1.91182012,1.93825730,0.86653584,-0.57106088,1
train_0797,0.18081058,1.30672954,-0.90275792,2.44760470,0
train_0798,1.84597953,-1.99806367,1.14945606,0.98968850,1
train_0799,-1.99194424,-1.06267434,-1.64064033,1.79978703,0
train_0800,-0.49541901,-1.53573571,0.37175583,-1.15316191,0
train_0801,-1.65170176,-2.06721386,1.74655161,1.51899929,0
train_0802,-0.54971111,-1.60416888,0.96502169,0.45814332,0
train_0803,2.13808906,-1.98981032,1.71740150,2.33306645,1
train_0804,0.20174085,0.38295644,-1.58441317,-0.06543373,1
train_0805,-0.28209133,-1.88182352,1.52958671,-2.03842563,0
train_0806,1.75789153,0.29125211,2.16640411,-1.13488972,0
train_0807,1.57498611,1.58435131,2.43061241,-1.16799182,0
train_0808,0.05814629,1.26642729,0.55667406,1.98278786,0
train_0809,-2.00875234,-0.93276012,-1.30263496,-2.19064672,1
train_0810,-2.38326438,-1.53656875,-0.30861993,-1.52234849,1
train_0811,1.46333521,-1.00447695,2.29221756,-2.19736708,0
train_0812,0.43921146,0.36954808,2.34309211,0.71415868,0
train_0813,-0.59961885,2.18717172,0.27256262,-0.22969359,1
train_0814,-1.09489067,1.76472002,0.68232054,1.48322060,0
train_0815,1.35848030,0.18314279,-0.25759978,1.31598967,1
train_0816,2.33345951,0.45386849,0.88973590,2.30140261,0
train_0817,-2.14188050,1.72772218,0.57344189,2.08595501,0
train_0818,0.31484571,0.47496936,0.93570237,-1.78062407,0
train_0819,-0.34268222,-0.44591330,2.40546253,-1.07460333,0
train_0820,2.41478428,1.15771267,1.99708434,-2.18061037,0
train_0821,0.96973613,-0.47192580,2.45232035,2.02446985,0
train_0822,-0.64592920,1.13659892,1.23544752,-1.51053029,0
train_0823,-1.27621028,1.64709551,-0.53544644,-1.50549614,1
train_0824,1.14705046,1.65274077,-0.84206594,-0.58145507,1
train_0825,2.48956455,-0.48239371,-0.94216118,-1.86533915,0
train_0826,-1.45628664,0.90891201,1.72493103,-0.68266113,0
train_0827,-1.35859933,-0.45398162,-1.02915370,1.79454181,0
train_0828,1.69063229,1.29647362,0.78811567,0.76614738,1
train_0829,2.31964955,-1.15220263,-1.54912461,-1.38767257,0
train_0830,1.17089872,-0.29146103,2.27536441,-2.46264302,0
train_0831,1.13562457,-2.01979391,-1.21332675,1.89719795,1
train_0832,-0.29403050,-0.54589487,0.74072856,-2.16550442,0
train_0833,-0.00583708,1.25973382,2.28330164,-2.41169823,0
train_0834,-1.11802556,1.18146169,0.99022314,-0.71871481,0
train_0835,2.03684360,-0.68057132,1.80563460,0.88610666,0
train_0836,-1.45735918,-0.86760036,-2.23571642,1.67883996,0
train_0837,-1.82328123,-1.82028969,-0.87738497,1.98972653,0
train_0838,-2.33935365,0.04773069,2.24442084,1.92810481,0
train_0839,-0.70642475,0.02973485,-1.49443482,2.34268149,0
train_0840,1.25503495,1.31602602,1.33595020,-0.15290785,1
train_0841,0.81376000,1.24537690,-1.93143071,-2.48992921,0
train_0842,0.21631992,-0.05270860,-0.02287855,-0.65278640,0
train_0843,0.56096896,-2.36479812,0.96486109,-2.23065297,1
train_0844,-1.57606710,1.64068327,2.14068505,1.33274721,0
train_0845,-0.31142177,1.41007751,2.49571954,1.55411650,0
train_0846,-1.77876802,-1.05683043,-0.09428489,-1.43031394,0
train_0847,-1.38212873,1.10631366,1.25994195,-2.15208128,0
train_0848,-1.22369434,0.92529952,-1.32254822,0.76754777,0
train_0849,-2.32585097,0.57533471,1.07013147,-1.01920005,0
train_0850,0.19672796,0.79206933,-1.05626875,2.03511388,0
train_0851,-1.05072263,-0.13301003,1.90854140,1.98331152,0
train_0852,-1.45107745,0.42317286,1.98858470,0.82160115,0
train_0853,1.00204775,0.49113382,0.09804284,-1.39180701,0
train_0854,2.42848277,0.34202675,0.20290352,-1.74357951,0
train_0855,-1.40310355,-2.34951530,0.21427066,0.57324367,1
train_0856,0.21300668,0.49873156,1.97539863,1.41018728,0
train_0857,1.60675234,-1.36387286,-1.44681700,0.40628571,1
train_0858,-0.27274886,1.32386963,0.08888895,2.26839452,0
train_0859,2.34510583,-0.17326622,2.38397302,2.03750779,0
train_0860,-2.09560769,0.79043377,1.38319772,0.37671039,0
train_0861,-1.17208859,-0.25774055,-1.75496716,2.25754787,0
train_0862,-1.28665678,1.95852242,1.75679358,1.63756385,0
train_0863,-0.24198348,1.16676523,2.34685171,-0.94908400,0
train_0864,-2.03190818,0.20396019,1.98762904,2.37162249,0
train_0865,2.30549823,-1.79712758,-0.99094128,1.84543480,1
train_0866,-0.27219353,1.67439209,0.51528452,-1.41389805,0
train_0867,0.32365873,-0.18423646,2.20036252,-0.20382947,0
train_0868,-1.34407000,-0.54883981,-1.94457380,1.82602151,0
train_0869,0.19474045,-0.51387280,-0.60830026,-1.11708839,0
train_0870,-0.72645980,-1.54723900,-1.36248047,1.08700335,0
train_0871,-2.08842511,-0.65230323,1.06006857,0.02819709,0
train_0872,-1.28474867,-0.60475688,1.33462762,-0.90382716,0
train_0873,-1.17710857,-0.06065744,-0.78599282,-1.12374645,0
train_0874,1.96444075,1.11770444,0.81611772,-0.27913370,1
train_0875,-1.17030911,2.43323855,-1.44794898,1.72857710,1
train_0876,1.89763282,2.34759136,-0.37485369,-1.78758730,1
train_0877,-0.84147599,-0.37770960,0.93468205,-2.02804732,0
train_0878,-1.16011318,1.08327619,1.87934087,-2.39686631,0
train_0879,-1.50814973,-2.21558832,0.50290510,-0.93633514,1
train_0880,-2.27311687,-0.31304314,2.36703701,-0.63717742,0
train_0881,-0.76541585,0.58043897,2.03013715,0.06875773,0
train_0882,-0.73153697,0.45062814,-0.43484860,2.11737320,0
train_0883,1.40455552,-1.35840927,-0.24205204,-2.18427889,0
train_0884,-0.25917283,-1.36439557,0.70640996,-0.73469486,0
train_0885,2.25299878,-0.46991126,-0.62538244,-1.92442923,0
train_0886,-0.97860410,-1.74182907,1.91387894,1.23727340,0
train_0887,-1.28064570,-0.57695840,-0.24830678,1.13927054,0
train_0888,1.35029160,-1.21301168,-2.46759962,-0.63475204,1
train_0889,2.26327289,0.42982009,-0.20247013,1.61138686,1
train_0890,-1.47794389,-0.04299202,-0.49965759,0.87887788,0
train_0891,-2.11310896,1.79568621,0.05517766,-1.96159291,1
train_0892,1.04123508,0.50503667,-1.85847861,-0.83853539,1
train_0893,0.20535908,1.06550443,0.36308159,-0.44614344,0
train_0894,0.92390503,-1.61816907,1.44834214,-0.37921633,0
train_0895,-0.15029524,1.90213351,-0.48378874,0.45221880,1
train_0896,1.01897693,0.30979930,1.78502446,1.69020949,0
train_0897,-1.50854501,0.82569494,2.27217237,-2.44235283,0
train_0898,1.49378330,-0.96150166,0.64840584,2.49447560,1
train_0899,1.87928713,-0.31198949,0.10338707,-1.59122652,0
train_0900,0.54683825,-0.59818012,-0.67686770,0.27567728,0
train_0901,-2.42426996,2.40684614,-1.69997393,-0.70388951,1
train_0902,1.92241338,1.00481522,-1.77180243,-1.92220374,0
train_0903,-1.60421608,-0.61525057,1.21886120,1.90496266,0
train_0904,1.73765402,2.25069381,1.56556237,-2.03058655,0
train_0905,0.40196387,0.65885552,-0.49341606,-0.55957453,1
train_0906,-0.92971629,-1.19235918,1.62028701,-0.38537080,0
train_0907,0.45163309,0.35064465,-0.03020385,1.05814043,0
train_0908,1.61592504,-1.45848869,-0.32125826,1.86008542,1
train_0909,0.81454681,-0.06209557,1.21372132,-0.09049404,0
train_0910,0.56407292,0.96415777,-0.32624497,0.65388122,1
train_0911,-1.66792197,2.24838453,-1.69642395,1.96825590,1
train_0912,0.16163572,-1.09537263,-1.19497496,-1.90258271,0
train_0913,-1.21924201,-1.42564473,-1.70772359,0.96057558,0
train_0914,1.62518688,0.07825237,-2.04399215,0.45697527,1
train_0915,-1.25148172,-0.04279974,0.47499965,-1.55561831,0
train_0916,1.05138390,0.42256886,0.47755416,-1.44839284,0
train_0917,1.67503315,-2.48124113,-0.53663467,-1.48531875,1
train_0918,-0.53897943,-1.95105891,1.93303199,1.25583044,0
train_0919,1.11378069,0.19847715,-2.05695540,2.31367407,1
train_0920,-2.42614916,-2.43838888,1.72518698,-0.78965661,1
train_0921,1.69518166,-0.43628492,-1.80697313,-1.83596305,0
train_0922,0.06166523,-0.48881284,1.98554546,0.35188765,0
train_0923,-1.51209485,-0.45612166,2.43964599,0.14220387,0
train_0924,-1.32071316,-1.32221332,-0.17992424,1.32533869,0
train_0925,2.28019820,-1.92065000,-1.35151492,0.62608842,1
train_0926,-1.12910116,0.66776325,1.30403220,1.06027970,0
train_0927,-0.55029101,-2.11209466,2.48616823,0.25094972,0
train_0928,-1.28785764,-0.61874877,-0.17617437,-0.33451288,0
train_0929,2.48484499,-0.02782143,-1.46667498,-1.23200041,0
train_0930,1.71071488,0.43185303,0.23961626,-1.91021913,0
train_0931,-0.76901271,-1.23680480,0.20468847,1.43659199,0
train_0932,1.51711218,0.25603758,1.37361150,-0.83858722,0
train_0933,-1.11790498,0.72379511,1.50159336,-1.65003433,0
train_0934,-0.90456919,-1.71825920,0.68082565,0.56108794,0
train_0935,0.47451731,2.26594675,-0.62256778,-1.67401335,1
train_0936,1.81687848,-0.58747763,-1.30089910,-2.10544462,0
train_0937,1.33815839,-0.34319485,1.31008614,-0.12547341,0
train_0938,2.23937483,-2.23460617,-0.55379994,1.75444003,1
train_0939,-1.50460455,2.15499926,0.95441901,2.26083335,0
train_0940,-1.73847477,0.36161426,-2.28317180,1.26169125,0
train_0941,-0.48642510,-2.14632011,-1.61026462,0.64178958,1
train_0942,-0.62436016,-2.42858959,0.44148523,1.30459114,1
train_0943,-0.50142421,0.24076476,-0.63929111,2.14048871,0
train_0944,-0.72662284,1.48010118,0.49627567,-1.25197948,0
train_0945,-0.62730693,-1.95027371,2.38564798,0.50700070,0
train_0946,-1.82974720,0.60826966,1.38979385,0.78159891,0
train_0947,0.46760710,-0.49488716,1.49125010,-0.97847912,0
train_0948,0.07510129,1.05391847,0.36407866,-2.48575137,0
train_0949,-2.22811980,1.57400079,0.41215217,2.29482781,0
train_0950,-1.37721858,-2.00801102,-1.09747680,-1.09141286,1
train_0951,1.71017633,-0.66259974,1.28437931,-0.29548988,0
train_0952,-0.32805977,-0.17796978,1.93036065,0.99053591,0
train_0953,-1.89417717,0.53995562,2.47684822,-0.64312253,0
train_0954,-0.34012266,-1.35753346,0.89808686,-2.44138027,0
train_0955,-1.40232567,-0.92309339,1.55701863,-1.26518772,0
train_0956,0.25520922,-1.89028066,1.57716615,2.44832293,0
train_0957,1.06824389,-0.94925084,2.36906638,0.03933833,0
train_0958,-2.31880825,-0.41177786,-1.60379694,2.01255966,0
train_0959,-0.75771362,0.10778463,2.47259218,-0.62632341,0
train_0960,-0.92892819,-1.31638873,-1.48165665,1.48804143,0
train_0961,-0.11178245,-1.10001449,-1.66407392,1.86066804,0
train_0962,-0.57587173,0.81513325,2.33720024,-0.34269658,0
train_0963,-0.56609079,0.53126603,-0.86729581,1.72911129,0
train_0964,0.53549370,-1.27783195,-2.49968309,-0.08255794,1
train_0965,0.39351772,-0.57335266,-0.24001906,-0.64016572,1
train_0966,1.58152133,1.28320395,-1.62428340,-1.84915474,0
train_0967,0.77354126,0.02815355,-0.51504454,2.22077484,0
train_0968,2.01147873,1.15101644,0.09431044,-1.04414380,0
train_0969,2.11598619,1.53820709,0.98672997,-1.26775014,0
train_0970,-0.54878386,-0.10553641,-1.24840279,0.26239613,0
train_0971,0.38997001,-1.29106068,-0.49344061,2.34289078,0
train_0972,0.99691964,-1.49551159,1.90522454,-0.32831165,0
train_0973,0.18088914,-1.52419974,0.10027428,-2.49061917,0
train_0974,2.21027446,-1.08092918,0.25244126,-2.38853978,0
train_0975,1.26672836,0.45547773,1.56691049,1.31516129,0
train_0976,1.00469274,1.97764304,0.15187662,-1.86452732,1
train_0977,0.83566639,1.03132410,2.28424205,-2.00453653,0
train_0978,-0.06325355,0.93132552,-0.63170863,0.55635850,0
train_0979,-1.66106352,1.60931843,1.61325835,1.24710307,0
train_0980,-0.58173144,2.40442655,1.49764523,1.21619963,1
train_0981,0.31956389,1.56251513,-1.33448959,2.24532506,0
train_0982,-0.45877541,-0.14704730,-0.45699009,-0.90047778,0
train_0983,-1.44391910,0.58614275,-1.24951966,2.03310704,0
train_0984,1.64224828,0.53770441,-0.20737344,-1.34011520,0
train_0985,2.21524098,-1.66916567,0.35116584,0.74280600,1
train_0986,-0.95866819,1.73255910,-2.26148354,-0.31952917,1
train_0987,-2.29560935,-0.90203527,2.26336733,-0.57386768,0
train_0988,-0.89745987,-1.29085310,-0.28186214,0.82186597,0
train_0989,-2.14121170,-2.08107654,-0.69733788,-2.36366536,1
train_0990,-1.52190215,0.52131097,1.27704438,1.34088665,0
train_0991,-1.95741275,-2.19411279,-1.87804580,-1.39587579,1
train_0992,1.36739808,0.69827409,2.07113931,-1.50857801,0
train_0993,-1.73288553,1.07471206,0.26806354,-0.82024106,0
train_0994,-0.55211987,-0.31936131,-1.96646207,1.44061236,0
train_0995,-2.42483691,0.74435575,2.12751699,0.83714047,0
train_0996,-0.43043466,-1.24748515,-0.94775360,-1.94737635,0
train_0997,1.64195261,-1.22110751,2.30106368,1.62206863,0
train_0998,-1.93384417,-0.54440408,2.24002129,1.08509235,0
train_0999,1.11876022,1.17264887,1.01849562,-1.13105358,0
train_1000,-0.78850586,-1.39683225,-2.31394731,2.02073576,0
